PRAGMA defer_foreign_keys=TRUE;
CREATE TABLE d1_migrations(
		id         INTEGER PRIMARY KEY AUTOINCREMENT,
		name       TEXT UNIQUE,
		applied_at TIMESTAMP DEFAULT CURRENT_TIMESTAMP NOT NULL
);
INSERT INTO "d1_migrations" VALUES(1,'0001_initial_schema.sql','2025-12-11 00:56:32');
INSERT INTO "d1_migrations" VALUES(2,'0002_attendance_management.sql','2025-12-11 00:56:33');
INSERT INTO "d1_migrations" VALUES(3,'0003_paid_leave_management.sql','2025-12-11 00:56:34');
INSERT INTO "d1_migrations" VALUES(4,'0004_add_approver_id.sql','2025-12-11 00:56:34');
INSERT INTO "d1_migrations" VALUES(5,'0005_add_expense_fields.sql','2025-12-11 00:56:34');
INSERT INTO "d1_migrations" VALUES(6,'0006_paid_leave_history_import.sql','2025-12-11 08:33:24');
INSERT INTO "d1_migrations" VALUES(7,'0004_make_grant_id_optional.sql','2025-12-17 08:24:47');
INSERT INTO "d1_migrations" VALUES(8,'0007_make_application_id_optional.sql','2026-01-05 06:10:47');
INSERT INTO "d1_migrations" VALUES(9,'0008_employee_invitations.sql','2026-01-05 06:28:43');
INSERT INTO "d1_migrations" VALUES(10,'0010_add_viewer_role.sql','2026-01-09 02:39:04');
INSERT INTO "d1_migrations" VALUES(11,'0011_split_overtime_hours.sql','2026-01-13 01:19:33');
INSERT INTO "d1_migrations" VALUES(12,'0012_feature_requests.sql','2026-01-13 02:14:05');
INSERT INTO "d1_migrations" VALUES(13,'0013_update_feature_request_status.sql','2026-01-13 03:07:19');
INSERT INTO "d1_migrations" VALUES(14,'0014_add_wish_application_type.sql','2026-01-13 03:38:52');
INSERT INTO "d1_migrations" VALUES(15,'0015_add_withdrawn_status.sql','2026-01-13 03:54:51');
INSERT INTO "d1_migrations" VALUES(16,'0016_add_second_approver.sql','2026-01-13 05:02:25');
INSERT INTO "d1_migrations" VALUES(17,'0017_add_application_number.sql','2026-01-13 06:07:58');
INSERT INTO "d1_migrations" VALUES(18,'0011_add_withdrawn_action.sql','2026-01-13 09:03:31');
INSERT INTO "d1_migrations" VALUES(19,'0002_add_second_current_approver.sql','2026-01-14 06:10:55');
CREATE TABLE departments (
  id INTEGER PRIMARY KEY AUTOINCREMENT,
  name TEXT UNIQUE NOT NULL,
  approver_id INTEGER,
  created_at DATETIME DEFAULT CURRENT_TIMESTAMP,
  updated_at DATETIME DEFAULT CURRENT_TIMESTAMP,
  FOREIGN KEY (approver_id) REFERENCES employees(id)
);
CREATE TABLE approval_routes (
  id INTEGER PRIMARY KEY AUTOINCREMENT,
  application_type TEXT NOT NULL CHECK(application_type IN ('expense', 'paid_leave', 'overtime')),
  department_id INTEGER,
  min_amount REAL,
  max_amount REAL,
  approver_level INTEGER NOT NULL DEFAULT 1,
  approver_id INTEGER NOT NULL,
  auto_approve BOOLEAN DEFAULT 0,
  auto_approve_conditions TEXT,
  created_at DATETIME DEFAULT CURRENT_TIMESTAMP,
  updated_at DATETIME DEFAULT CURRENT_TIMESTAMP,
  FOREIGN KEY (department_id) REFERENCES departments(id),
  FOREIGN KEY (approver_id) REFERENCES employees(id)
);
CREATE TABLE sessions (
  id TEXT PRIMARY KEY,
  employee_id INTEGER NOT NULL,
  expires_at DATETIME NOT NULL,
  created_at DATETIME DEFAULT CURRENT_TIMESTAMP,
  FOREIGN KEY (employee_id) REFERENCES employees(id)
);
INSERT INTO "sessions" VALUES('383949b18583e9de737f7fa48d0dd385cbfc44db8e46406002426b139c23855c',17,'2025-12-12T02:38:25.521Z','2025-12-11 02:38:25');
INSERT INTO "sessions" VALUES('cdd08aaf3c6a0d2de5fc1baabef092e48cad776ca8894bba86fbad2cf57a4534',17,'2025-12-12T03:37:55.759Z','2025-12-11 03:37:55');
INSERT INTO "sessions" VALUES('f039d25635d7b9fba34dcc4a5b4c8a54fc32c489386f180ace2c4b10af935157',17,'2025-12-12T03:50:50.235Z','2025-12-11 03:50:50');
INSERT INTO "sessions" VALUES('8c4af01c7d1a49291b340612ecc5ac59a2bcdc2c1770f4e2a18271a1d063aad1',8,'2025-12-12T04:11:28.722Z','2025-12-11 04:11:28');
INSERT INTO "sessions" VALUES('46d8bfce98b6c1a06dfaa86d105964e76ed1f7a3c0879c8b5a74ba85db1a28a3',17,'2025-12-12T05:02:02.742Z','2025-12-11 05:02:02');
INSERT INTO "sessions" VALUES('454d92ce7aaa9e537be07ee1ce02ff5b4d560857d76d87f8cec1ee04b5600e93',17,'2025-12-12T06:58:44.911Z','2025-12-11 06:58:45');
INSERT INTO "sessions" VALUES('fb056f36c6e09af67e3f7b693869f8bbb21c74ff5210c1ecc682be4fdc5fa202',17,'2025-12-12T07:38:50.449Z','2025-12-11 07:38:50');
INSERT INTO "sessions" VALUES('bbb957f76c34799243346cda27a7b83c2412d7ec2bd12092b2300a893802a7f3',17,'2025-12-12T07:39:22.704Z','2025-12-11 07:39:22');
INSERT INTO "sessions" VALUES('727f371c80e6fd7e50bc2ea385d978c2ae1cb54cb8f3b7b247f7f599c7973da2',17,'2025-12-12T07:49:41.164Z','2025-12-11 07:49:41');
INSERT INTO "sessions" VALUES('f21405d070efab69f04b49b851bf92879bef4aa3e597afc30fea46b33cc0a959',17,'2025-12-12T07:52:22.776Z','2025-12-11 07:52:22');
INSERT INTO "sessions" VALUES('9c7dcf4d73caaef3f5543a0abb74576ae9688849860b959ecadad32aa8a315d7',17,'2025-12-12T08:36:21.683Z','2025-12-11 08:36:21');
INSERT INTO "sessions" VALUES('820117500618aa685b2f9acda58f7be06a2c6b8dd9daf464c500797d88f8284d',17,'2025-12-12T08:45:59.380Z','2025-12-11 08:45:59');
INSERT INTO "sessions" VALUES('31ef8dba68350e291f4825c69737f96c5ef1c43e987aa5e53b46adbdd8616921',17,'2025-12-12T08:51:04.024Z','2025-12-11 08:51:04');
INSERT INTO "sessions" VALUES('3055b96ced6d2f6483af7fe349572725db254202a741b4c55b3edd4292d97311',17,'2025-12-19T01:27:44.695Z','2025-12-18 01:27:44');
INSERT INTO "sessions" VALUES('6349161668e4367bfd858876bb1a8d18ef91574f7f3938fe4f9ef572f78828c0',17,'2025-12-19T01:35:03.053Z','2025-12-18 01:35:03');
INSERT INTO "sessions" VALUES('b0d5ef726b07d972eb6a0f4a50560852246de12fde8a7fd13e06641f1ee3cb6c',17,'2025-12-19T01:35:16.091Z','2025-12-18 01:35:16');
INSERT INTO "sessions" VALUES('24031848691b6fb0739f11af9fb55dfb87704f3ab2d3024378946883ad0f9fd3',17,'2025-12-19T01:35:28.314Z','2025-12-18 01:35:28');
INSERT INTO "sessions" VALUES('63bea4b69ef2ed7d881fbcc41db47f0ed41548210e5b40837ecddab8b4409426',17,'2025-12-19T01:38:57.111Z','2025-12-18 01:38:57');
INSERT INTO "sessions" VALUES('a11aec72e045d90dc676823074f7d21608698c461ec3155fffe1314d5d4bfa0f',17,'2025-12-19T01:43:34.194Z','2025-12-18 01:43:34');
INSERT INTO "sessions" VALUES('199c227a1fb7b8f3d5dd693ec849c695aab8d2da7e22c74db779bb9b2a07b09d',17,'2025-12-19T01:47:36.013Z','2025-12-18 01:47:36');
INSERT INTO "sessions" VALUES('1a3e09c4e4fdadf5f9d4865a5f17411cc020dd0903db599915b6ea986062e649',17,'2025-12-19T01:50:04.771Z','2025-12-18 01:50:04');
INSERT INTO "sessions" VALUES('454d7b1e09bf81718fe99ad1bd1975a535d9fa5bb21b5f78d81e9c32b9100bdf',17,'2025-12-19T01:54:35.675Z','2025-12-18 01:54:35');
INSERT INTO "sessions" VALUES('904546ed914e7afbc0e6b618ffe9ada467e9b86367692b4fdf484d5ababcf3be',17,'2025-12-19T01:55:47.686Z','2025-12-18 01:55:47');
INSERT INTO "sessions" VALUES('a20bc98c6f68461b507ab545d88d9cf821d63edc0f72307f333b925baa08d021',17,'2025-12-19T01:56:44.243Z','2025-12-18 01:56:44');
INSERT INTO "sessions" VALUES('1a3b6729f86506a913d90fbc204299a3a586780a54fd0e1107272440c61a3f7a',17,'2025-12-19T01:58:29.533Z','2025-12-18 01:58:29');
INSERT INTO "sessions" VALUES('7a2b68258d42e8e48277f8219e5b5ca15ffec6e7be4ee5cbfe1b27523cb9545d',17,'2025-12-19T01:58:46.626Z','2025-12-18 01:58:46');
INSERT INTO "sessions" VALUES('8ea3d497794d6e56526f9a95504b89f0d69ff24e7e83121418c6ade557e66fe3',17,'2025-12-19T02:02:04.449Z','2025-12-18 02:02:04');
INSERT INTO "sessions" VALUES('b0ddf16ff6e07f52ee7b8430f039bb44b357ba8c434b0f3c39ceee1aebb4db8e',17,'2025-12-19T02:04:49.375Z','2025-12-18 02:04:49');
INSERT INTO "sessions" VALUES('ea281230c34eac4747330e584fcdb155590c7cdee73911d507ea2c73fba2964c',17,'2025-12-19T02:06:56.196Z','2025-12-18 02:06:56');
INSERT INTO "sessions" VALUES('f92441c8026e4fa2df9b85e0f82fc4bcb2f76b24b96b4a7aa1cc136453efbc26',17,'2025-12-19T05:03:36.036Z','2025-12-18 05:03:36');
INSERT INTO "sessions" VALUES('8f05a7fa4c7130ea7eeb4542da3fa87e8f9cd82e61f61b45f055d21f20b20c1e',17,'2025-12-19T05:04:21.880Z','2025-12-18 05:04:21');
INSERT INTO "sessions" VALUES('91509da634fc98d2d5b93d333ed59a946156e9eaacd4635aa5afdbf6ea18e197',17,'2026-01-06T06:36:22.783Z','2026-01-05 06:36:22');
INSERT INTO "sessions" VALUES('f40e3f8c38f731b89798a5302069a288e1d81dd7364b72c01433636850e38dde',17,'2026-01-06T06:37:10.976Z','2026-01-05 06:37:11');
INSERT INTO "sessions" VALUES('7c059734aa096533774a07f4c4229eab24c57962e93a7975687b735f8d6e7bbb',17,'2026-01-06T06:37:54.002Z','2026-01-05 06:37:54');
INSERT INTO "sessions" VALUES('03472d8f99c57ae6269e2e67e84e760242e63c3b2b91a88ae7466f40d8864721',17,'2026-01-07T05:31:43.911Z','2026-01-06 05:31:43');
INSERT INTO "sessions" VALUES('d4a62dd4a4d64f3dbaa75ec29160af2d91c43c688d5fdba117732dbd08a106ec',21,'2026-01-14T04:45:16.242Z','2026-01-13 04:45:16');
INSERT INTO "sessions" VALUES('353b54da365f316321f2e7f125736ac9026c4633a15516625b8d245649a2e1ab',21,'2026-01-14T07:52:40.103Z','2026-01-13 07:52:40');
INSERT INTO "sessions" VALUES('121d0c6e0ce303b97d1f5df19b927906e45a2d425f1a693104b0761740cc5a6d',21,'2026-01-14T08:29:20.161Z','2026-01-13 08:29:20');
INSERT INTO "sessions" VALUES('bb79b7424b8022f397e53cc7e5b26c3eeaf873157eff4b7b2135e4dea3953713',21,'2026-01-14T09:14:07.524Z','2026-01-13 09:14:07');
INSERT INTO "sessions" VALUES('784103ea02a744c7407f0e0b5d515039bab01ed39799a14b91691fc021565805',21,'2026-01-15T03:43:52.107Z','2026-01-14 03:43:52');
INSERT INTO "sessions" VALUES('da2d80fb7ff05a5928b0e4b8ddbae82fa2427f5eb7751ec0901f3c6d1a95990c',21,'2026-01-15T04:32:30.821Z','2026-01-14 04:32:30');
INSERT INTO "sessions" VALUES('4a174885d15d1019755a4bc213c4379a9c1cd3c2861f371bbc4bf5a2e606d572',21,'2026-01-15T04:41:29.364Z','2026-01-14 04:41:29');
INSERT INTO "sessions" VALUES('c3b7cd8173aeac6fbf3c001b488c4c2038509258bb3c269c9c77a04a5b99a72e',21,'2026-01-15T04:47:29.704Z','2026-01-14 04:47:29');
INSERT INTO "sessions" VALUES('c3f3cf414172738fda6cb6d91def8b402ee981b13131fd7f08ccbfdc0e1ff294',21,'2026-01-15T04:54:39.381Z','2026-01-14 04:54:39');
INSERT INTO "sessions" VALUES('a30999c4e3a06b9fbb34d6b5be9c71a3dbdd0a76d89c5f8be5b984ad63b8aa72',21,'2026-01-15T05:32:59.538Z','2026-01-14 05:32:59');
INSERT INTO "sessions" VALUES('26a56e3c649313d41a7813d9e5fb2d2dac8fd39ff47955cc91bb0d3efed6d5f2',18,'2026-01-15T06:49:13.087Z','2026-01-14 06:49:13');
INSERT INTO "sessions" VALUES('a58d74d1d0e5d20f812d2a453920bcf49fd9633f0f33caa901e96b020a870dec',23,'2026-01-15T08:21:09.409Z','2026-01-14 08:21:09');
INSERT INTO "sessions" VALUES('7936e4a5fe2f2d390c536ddf04da41d467317db68709d427b4d4334aef6c824b',17,'2026-01-15T08:29:08.362Z','2026-01-14 08:29:08');
INSERT INTO "sessions" VALUES('6603adf3138bc236cd23c5eb8af0e570bc434a128aa685bc9899be86217175e1',25,'2026-01-15T08:34:43.396Z','2026-01-14 08:34:43');
INSERT INTO "sessions" VALUES('ba276935bf4baa0164b9552210bf0ab26c98522f7f7fec95ad0f010f56bf7312',17,'2026-01-15T08:39:06.891Z','2026-01-14 08:39:06');
INSERT INTO "sessions" VALUES('61b1d3e5ac77ec3c351d4e548acfdba5a5a1710b417b11122f4f2c9fb5aa6298',17,'2026-01-15T08:51:19.334Z','2026-01-14 08:51:19');
INSERT INTO "sessions" VALUES('7fd5ac2f1f65e13bf4b87fc59f19c8e16cf1e66cd18063bd9685819da3793b1b',17,'2026-01-15T08:55:27.982Z','2026-01-14 08:55:28');
INSERT INTO "sessions" VALUES('b187b696c4eb604affbb72ca08f085d794cd5bf47d6feff6f96d7141c29bdae2',17,'2026-01-15T08:58:35.049Z','2026-01-14 08:58:35');
INSERT INTO "sessions" VALUES('56a9e9c54827473d9b07ec63ed495ac678827132e29cfb2c9b07263bb9fdccea',27,'2026-01-15T08:58:49.641Z','2026-01-14 08:58:49');
INSERT INTO "sessions" VALUES('82a8b880808886075661dd36948bea665536a2d0af2c5fc1eeda4601f554cd8a',17,'2026-01-15T08:58:49.653Z','2026-01-14 08:58:49');
INSERT INTO "sessions" VALUES('bb58fed0b0ebefc45b9d335a81c5b464c7d8767a1aa1e7e47cb608b7f27c7517',17,'2026-01-15T08:58:49.793Z','2026-01-14 08:58:49');
INSERT INTO "sessions" VALUES('820fe80c309c593d5dc44251a90c0f3bf784c3a3a3b2918d8780ccb34f9cbc57',17,'2026-01-15T08:59:21.021Z','2026-01-14 08:59:21');
INSERT INTO "sessions" VALUES('b2c9ae92faed9f24253db7381b00965374f54aa50205412231ade39029818609',28,'2026-01-15T09:00:26.638Z','2026-01-14 09:00:26');
INSERT INTO "sessions" VALUES('bcc58c34d3a0c04e1e342b8af7efa14f4e6421945cb75bdfa12b7d478ab04923',17,'2026-01-15T09:06:05.584Z','2026-01-14 09:06:05');
INSERT INTO "sessions" VALUES('f5208257cbb2e85958cc14046c4fd5101ff9e373063da44392ad59ab862c4989',29,'2026-01-15T09:13:40.342Z','2026-01-14 09:13:40');
INSERT INTO "sessions" VALUES('31da630a69c7bea0c7abc9b437d0ea95f019639ebc374742533a8351a5d52246',26,'2026-01-16T00:02:09.312Z','2026-01-15 00:02:09');
INSERT INTO "sessions" VALUES('8c25af04a862f196adc6e1d685066387a7072cb76b8782eca9cebaeabd92759e',26,'2026-01-16T03:36:42.582Z','2026-01-15 03:36:42');
INSERT INTO "sessions" VALUES('4c1702a30f48321896e90537938cb7ebcfe7750bd5af00de0e0a0137a24eafc3',17,'2026-01-16T04:22:15.997Z','2026-01-15 04:22:16');
INSERT INTO "sessions" VALUES('23dfa6a2fc6b541f7b115dabb5c3d8a06d2630cbe78b205473519c06cf1bbe35',17,'2026-01-16T04:22:37.618Z','2026-01-15 04:22:37');
INSERT INTO "sessions" VALUES('c5ebc0cbc48e726d9218c0b9914c537be67280a9a3ce509ac341097b31a1f2ca',17,'2026-01-16T04:56:31.883Z','2026-01-15 04:56:31');
INSERT INTO "sessions" VALUES('356f30727b5a0e958427829f039f0ed2a8b4cf7792fd73807348a21f23cf3db0',17,'2026-01-16T05:18:12.121Z','2026-01-15 05:18:12');
INSERT INTO "sessions" VALUES('20ae50ac68b9ab3c0ecca6134f102b8266753c67b28b5872c84b0f4d7f723b2f',17,'2026-01-16T07:19:38.203Z','2026-01-15 07:19:38');
INSERT INTO "sessions" VALUES('316060903995339a58b46f1fb891eecbd8e70ed29921423d20f332398686b585',17,'2026-01-16T08:56:30.552Z','2026-01-15 08:56:30');
INSERT INTO "sessions" VALUES('067aa4b975b81303d6c4315ac1efae3a7e18d921b5538560d0103f6ae64b42a4',17,'2026-01-16T08:59:57.854Z','2026-01-15 08:59:57');
INSERT INTO "sessions" VALUES('54cdfb02f1ea8c181fea78d168feb2260a6f1f9ad7a1b5c0e895a8cf0f3f1563',17,'2026-01-16T09:06:03.758Z','2026-01-15 09:06:03');
INSERT INTO "sessions" VALUES('48f7bfcfc6a11e8c110bb02ed81f7f143e1f037d1689a08b691079151b1ff5e6',31,'2026-01-16T15:19:36.645Z','2026-01-15 15:19:36');
INSERT INTO "sessions" VALUES('3fb544d801726c332aad82367f8d8cbb2c8c7824afa44b99b294697fc750c763',17,'2026-01-17T02:25:19.514Z','2026-01-16 02:25:19');
INSERT INTO "sessions" VALUES('cb306968db49fe8234e569470841b53925ea760d0538c26bcac386131bd5d3ab',17,'2026-01-17T02:26:49.176Z','2026-01-16 02:26:49');
INSERT INTO "sessions" VALUES('511248ec1891c08188f3eff259402ce7384e439c7b4e423f2273f898d121c2f0',17,'2026-01-17T03:47:14.758Z','2026-01-16 03:47:14');
INSERT INTO "sessions" VALUES('6c5796001e7352f5a39ad1b1eae1bccd3364a2a85e2f4262d6f51c55423fa741',17,'2026-01-17T03:52:59.339Z','2026-01-16 03:52:59');
INSERT INTO "sessions" VALUES('e6a97a24cd321ea6bc3ab5907549bcc3c68bfb9c27c5702672bececeffbf4776',17,'2026-01-17T04:19:35.031Z','2026-01-16 04:19:35');
INSERT INTO "sessions" VALUES('8166b6ec7def27ecea41efa871c64f8eb20ad6c11cc874beb600537c6f804203',17,'2026-01-17T04:20:40.892Z','2026-01-16 04:20:40');
INSERT INTO "sessions" VALUES('445976deb196b541b6a60dac02aa9624b99586c4681f08ebff5aaa51e863ed9d',17,'2026-01-17T05:06:41.611Z','2026-01-16 05:06:41');
INSERT INTO "sessions" VALUES('5b55732f909c896b85b6d7baed2a4b5b650b7b054be548c7b532f0e117743952',17,'2026-01-17T05:50:19.816Z','2026-01-16 05:50:19');
INSERT INTO "sessions" VALUES('aeb4f80c47786fe1949ba783259e6e17cef2cf5bbfa700efe6638019c3093aa2',17,'2026-01-17T05:52:44.808Z','2026-01-16 05:52:44');
INSERT INTO "sessions" VALUES('fa05d05b3dc35f2129de30d4c917541f724ef54834591d5cb5e592718d8d441a',17,'2026-01-17T05:58:28.859Z','2026-01-16 05:58:28');
INSERT INTO "sessions" VALUES('1f702cb65ff606dcb52c93ac34d22504d44dacb6d2d95ad280a7693333a70e24',17,'2026-01-17T06:10:23.047Z','2026-01-16 06:10:23');
INSERT INTO "sessions" VALUES('aa9b38a59a573051dfc4efc27f8adbecc9eddcc4e9fab23f46aad8dcbc277c66',17,'2026-01-17T06:22:39.307Z','2026-01-16 06:22:39');
INSERT INTO "sessions" VALUES('61ae30ef5a6101a4f9ca75b1f9e86c615c19b55b9d4df6cd5c4d28ed275abefa',17,'2026-01-17T07:17:41.355Z','2026-01-16 07:17:41');
INSERT INTO "sessions" VALUES('a7eb01c82afc7ac0b27b037f4eac84cba48cf7e15db33520c67ad6d40b6f082f',17,'2026-01-17T07:18:23.477Z','2026-01-16 07:18:23');
INSERT INTO "sessions" VALUES('560f3ee90eca5b6b2bc5be41148fcaec34c988f0dedf950c5e17b5bb22d14fbf',17,'2026-01-20T00:35:40.520Z','2026-01-19 00:35:40');
INSERT INTO "sessions" VALUES('c59c05239ee9f072eddf9d75ca738c6198e2ed5bb193673bd5a6f3524edd62c1',17,'2026-01-20T05:48:13.050Z','2026-01-19 05:48:13');
INSERT INTO "sessions" VALUES('2a2bddcc65029ccc72905c28ef411e2606a8e5ff5db974161f9181df76031b47',17,'2026-01-20T05:49:29.614Z','2026-01-19 05:49:29');
INSERT INTO "sessions" VALUES('af22ca14f71b0c1b316f6d15dfa46a597cf9bbf1456a029896ee23f8227ecd23',17,'2026-01-20T06:58:19.987Z','2026-01-19 06:58:20');
INSERT INTO "sessions" VALUES('6742ea989c7518050aaac2615743bed6f0557e42a674cadf381ba93162a81387',17,'2026-01-20T08:35:10.048Z','2026-01-19 08:35:10');
INSERT INTO "sessions" VALUES('991ba540203c744eb724da491538683f518c3c6ae4cd9e394e5d09726b8dac9c',17,'2026-01-20T08:35:17.713Z','2026-01-19 08:35:17');
INSERT INTO "sessions" VALUES('4a2b6079dc2a3d50a7e1351c39af87eefcc35044bd539ab2b820300927cc26a8',17,'2026-01-20T08:45:38.547Z','2026-01-19 08:45:38');
INSERT INTO "sessions" VALUES('6e053cede73ba9a0170981f748e8c30256c9a043422b35a2c7c36908af66df70',17,'2026-01-21T00:55:29.094Z','2026-01-20 00:55:29');
INSERT INTO "sessions" VALUES('7cea671e14cf28063326ed552cb8806cfd7bc1f53a697b85c1a575b449d5749a',29,'2026-01-21T01:55:43.864Z','2026-01-20 01:55:43');
INSERT INTO "sessions" VALUES('5e96a318930bc351bdd23219b8d31c0fb3cc0010d76356bc65c1387a7c64a79b',29,'2026-01-21T01:57:39.717Z','2026-01-20 01:57:39');
INSERT INTO "sessions" VALUES('cfe1cfe4e0b14ae21c39e9c94991a31f9a4efaa856f48337b6a89e1126749bad',17,'2026-01-21T04:58:21.970Z','2026-01-20 04:58:22');
INSERT INTO "sessions" VALUES('84d07313996b70a2ca02d224b20537e542d0c8a7e9314cf1a854384919335720',17,'2026-01-21T05:03:38.693Z','2026-01-20 05:03:38');
INSERT INTO "sessions" VALUES('b038c230629e10cba18c76422e9c00f827be7a6c521d223b21f99857758d41cd',17,'2026-01-21T05:56:42.384Z','2026-01-20 05:56:42');
INSERT INTO "sessions" VALUES('03090b9c4286d7f8117123a7001b777f0ac546268950782f7f9898583bf20660',17,'2026-01-21T06:02:48.478Z','2026-01-20 06:02:48');
INSERT INTO "sessions" VALUES('33c9a8cbef35eb98d9d5ba5251274b85c4252ae11ddd42cec698bb51e1cb4d7a',17,'2026-01-21T06:19:30.549Z','2026-01-20 06:19:30');
INSERT INTO "sessions" VALUES('b34debccf081f38eee99f2a14409eed54f2cb931718cd017c1aa06b52b432cdc',17,'2026-01-21T06:56:29.793Z','2026-01-20 06:56:29');
INSERT INTO "sessions" VALUES('46a7f6f2168f9b46790a2a429ab14864e4d3839ea716ba62287b96c94a2789cf',17,'2026-01-21T07:35:47.001Z','2026-01-20 07:35:47');
INSERT INTO "sessions" VALUES('1c4a612d828de9c4a222d91a22d8abb37b58c9318cbdcfff46993178b712d4cc',17,'2026-01-21T08:29:47.976Z','2026-01-20 08:29:48');
INSERT INTO "sessions" VALUES('9235eb8fd297f0c23e2615ad4a5913458506beb515e92d4edb409f1ee824393e',17,'2026-01-21T08:36:09.838Z','2026-01-20 08:36:09');
INSERT INTO "sessions" VALUES('d5a67364257a18b54213b74c6ae031b20dc55a00ee16f6a7d0ca3f42cadaf76e',17,'2026-01-21T08:43:58.586Z','2026-01-20 08:43:58');
INSERT INTO "sessions" VALUES('6a07bf041e73e46b8da4971c8d03588cb247277a8875603ea26e17b5a773c832',33,'2026-01-21T23:58:31.974Z','2026-01-20 23:58:32');
INSERT INTO "sessions" VALUES('955c61032c9db20b2e6c860fbccfd1c182a3523a54290bf705fe8538feeb54fd',24,'2026-01-22T02:13:24.003Z','2026-01-21 02:13:24');
INSERT INTO "sessions" VALUES('c78701d91750f135008bc241ca5070df7c237120308cd654dc5b5a38c03045b6',18,'2026-01-22T04:09:15.162Z','2026-01-21 04:09:15');
INSERT INTO "sessions" VALUES('554170a90009953118b55493f11849240bd41f5bac8d8cb87d5c61b43b32f344',17,'2026-01-22T04:09:24.415Z','2026-01-21 04:09:24');
INSERT INTO "sessions" VALUES('ed69b247223f75e33135c16119dcbd76942102dbf0d8643872416d2314d27eb3',17,'2026-01-22T04:43:28.622Z','2026-01-21 04:43:28');
INSERT INTO "sessions" VALUES('8eb210a65db4bbac98ba681362b0aa3b7011f178a6f8521a70e19154cb7762a2',17,'2026-01-22T04:58:18.165Z','2026-01-21 04:58:18');
INSERT INTO "sessions" VALUES('96958fa1e79d1f53ff3238c756b99b5b0511a85120194171a6a2de5578fc65c1',23,'2026-01-22T06:49:36.002Z','2026-01-21 06:49:36');
INSERT INTO "sessions" VALUES('21028269da40482e4eda50b2c109c104ae6950c954402c419b7a39eaffb307e7',23,'2026-01-22T06:50:08.218Z','2026-01-21 06:50:08');
INSERT INTO "sessions" VALUES('1d530eac19cdcb855ef7fff75a9f9576f7d491bf055b784dabee6edba587e39a',17,'2026-01-22T07:08:30.360Z','2026-01-21 07:08:30');
INSERT INTO "sessions" VALUES('3e10682f85b49ebc2215f204aadece3bcc09ed65265570c0ab17b688df3b7100',17,'2026-01-22T08:57:47.691Z','2026-01-21 08:57:47');
INSERT INTO "sessions" VALUES('b11ebcef277d6372e54cd718121eb35af9ac7dbd13c6a1ecb5075faf76f50521',17,'2026-01-23T07:40:55.174Z','2026-01-22 07:40:55');
INSERT INTO "sessions" VALUES('6deda57bc3a8958c7db43558b89db82907210a3cee40e1942845e92c58c848a8',17,'2026-01-23T07:42:02.237Z','2026-01-22 07:42:02');
INSERT INTO "sessions" VALUES('b43022703b82b0d2e5b7a8ad7b1e46c8112476ceda045c07fdb2979352a25bf6',17,'2026-01-23T07:42:56.256Z','2026-01-22 07:42:56');
INSERT INTO "sessions" VALUES('845b6a4934cf38b500b772814ea9918ac22410c4b71db992a8f4cd5815f07328',17,'2026-01-23T07:48:46.337Z','2026-01-22 07:48:46');
INSERT INTO "sessions" VALUES('fd1bcb4cfd210220ca15874f6866eedc58a6c6af811e1ccd7d849b3c273b6849',30,'2026-01-23T11:20:41.345Z','2026-01-22 11:20:41');
INSERT INTO "sessions" VALUES('339cc4ade11a80a2b14a7817b0704072d65e82bd0db9f913e0c82585bcb7fcfe',17,'2026-01-24T08:19:57.262Z','2026-01-23 08:19:57');
INSERT INTO "sessions" VALUES('acf092a97e509e8a53b28efa8891352a60f54812b5351c9827e52d5fdaab7cd2',23,'2026-01-27T13:35:12.897Z','2026-01-26 13:35:12');
INSERT INTO "sessions" VALUES('4028222878f35371a7b9d09ba3fd757d8d0721c6faf5910b635f5a168dd3740a',23,'2026-01-30T02:27:22.519Z','2026-01-29 02:27:22');
INSERT INTO "sessions" VALUES('a938b5490bdccc3e35b9a47db843cdbe30a102e2da2813d0a3d24e004c37d622',34,'2026-01-30T07:46:05.545Z','2026-01-29 07:46:05');
INSERT INTO "sessions" VALUES('32732ab43030c1f2172c727e308da497acd9d7ea32f16959521594e33ffecc5b',23,'2026-01-31T00:26:24.594Z','2026-01-30 00:26:24');
INSERT INTO "sessions" VALUES('8c9af882fd178582e26a720191d228a21cefd6d562c6c29beb1b4d797fc5685d',23,'2026-01-31T00:49:12.871Z','2026-01-30 00:49:12');
INSERT INTO "sessions" VALUES('7caaa987c79e2e5597f18fe04a3ff82ef8123a49814f553045efcbf33e2bbfc3',23,'2026-01-31T03:20:24.216Z','2026-01-30 03:20:24');
INSERT INTO "sessions" VALUES('758107ae685a7ec5ff7699dedd07e5b5f7afc348eae45e2a9137bc56ea6893a7',30,'2026-01-31T04:46:45.524Z','2026-01-30 04:46:45');
INSERT INTO "sessions" VALUES('81ca12ff26ae79adbeae2134c3ecb369ee86a2eef7f625d399f13937079a2e01',23,'2026-02-03T02:01:32.062Z','2026-02-02 02:01:32');
INSERT INTO "sessions" VALUES('644cbb2c6351246b9ddcba46806b8a51ae5dc3f40a2c271cb77bbaa4ad081b8e',8,'2026-02-03T05:04:11.049Z','2026-02-02 05:04:11');
INSERT INTO "sessions" VALUES('38b8f69bc3ea39c0d54fc8f94a40b3f48d9d7b04f46a8f58bafdd022bc105aad',27,'2026-02-03T05:08:37.221Z','2026-02-02 05:08:37');
INSERT INTO "sessions" VALUES('12b86aa98911addeee5f3ef9c5f8cb3e231dd797f646bc100ec0750b76c892f3',19,'2026-02-03T05:16:40.761Z','2026-02-02 05:16:40');
INSERT INTO "sessions" VALUES('35cf06b29a10f64452f0c2f20882af055074f6023e3d69bc658ceca27982db8b',26,'2026-02-03T06:08:32.374Z','2026-02-02 06:08:32');
INSERT INTO "sessions" VALUES('1f43b52139fd1704b16bdc6a813a8ba0e84dc86b9625ce57377029c48f3ad7ac',17,'2026-02-03T06:37:29.988Z','2026-02-02 06:37:30');
INSERT INTO "sessions" VALUES('4394eedf75347ef04e9a1f9cb78b85bb432014da675a95482360fb68c3bde45f',33,'2026-02-04T01:41:05.133Z','2026-02-03 01:41:05');
INSERT INTO "sessions" VALUES('6ea45450a081f078bc8fa1706d1a25bcb16bb2623cd690f5da87690eaa6b3200',30,'2026-02-04T04:47:21.729Z','2026-02-03 04:47:21');
INSERT INTO "sessions" VALUES('d2fcfe10712ceb115cb9ca9b671d48af1d41e988fd74242bd0fd6ddfe1bb806b',17,'2026-02-04T07:40:06.741Z','2026-02-03 07:40:06');
INSERT INTO "sessions" VALUES('1411de7293d0860effc9ceba75db3aa49defd5c29281f2e930c60a69ae76afb7',25,'2026-02-05T02:55:03.649Z','2026-02-04 02:55:03');
INSERT INTO "sessions" VALUES('933e12f1c4f07193278938a25b86ab573df65fe4c323fbc752f57eeaa4636567',8,'2026-02-05T05:54:16.226Z','2026-02-04 05:54:16');
INSERT INTO "sessions" VALUES('ce8d26d35fc2e4bc55d274ca99ac86600ae16a558db814c94e8e9566ae28ed48',21,'2026-02-05T09:03:01.947Z','2026-02-04 09:03:02');
CREATE TABLE attendance_records (
  id INTEGER PRIMARY KEY AUTOINCREMENT,
  employee_id INTEGER NOT NULL,
  date DATE NOT NULL,
  status TEXT NOT NULL CHECK(status IN ('present', 'absent', 'paid_leave', 'sick_leave', 'special_leave', 'holiday', 'company_holiday')),
  note TEXT,
  created_at DATETIME DEFAULT CURRENT_TIMESTAMP,
  updated_at DATETIME DEFAULT CURRENT_TIMESTAMP,
  FOREIGN KEY (employee_id) REFERENCES employees(id) ON DELETE CASCADE,
  UNIQUE(employee_id, date)
);
CREATE TABLE company_holidays (
  id INTEGER PRIMARY KEY AUTOINCREMENT,
  date DATE NOT NULL UNIQUE,
  name TEXT NOT NULL,
  type TEXT NOT NULL CHECK(type IN ('national_holiday', 'year_end', 'obon', 'golden_week', 'other')),
  description TEXT,
  created_at DATETIME DEFAULT CURRENT_TIMESTAMP,
  updated_at DATETIME DEFAULT CURRENT_TIMESTAMP
);
CREATE TABLE attendance_summary (
  id INTEGER PRIMARY KEY AUTOINCREMENT,
  employee_id INTEGER NOT NULL,
  year INTEGER NOT NULL,
  month INTEGER NOT NULL,
  total_working_days INTEGER NOT NULL,
  actual_attendance_days INTEGER NOT NULL,
  absent_days INTEGER NOT NULL,
  paid_leave_days INTEGER NOT NULL,
  attendance_rate REAL NOT NULL,
  created_at DATETIME DEFAULT CURRENT_TIMESTAMP,
  updated_at DATETIME DEFAULT CURRENT_TIMESTAMP,
  FOREIGN KEY (employee_id) REFERENCES employees(id) ON DELETE CASCADE,
  UNIQUE(employee_id, year, month)
);
CREATE TABLE paid_leave_grants (
  id INTEGER PRIMARY KEY AUTOINCREMENT,
  employee_id INTEGER NOT NULL,
  grant_date DATE NOT NULL,  
  granted_days REAL NOT NULL,  
  remaining_days REAL NOT NULL,  
  expiration_date DATE NOT NULL,  
  grant_reason TEXT DEFAULT 'annual',  
  grant_type TEXT DEFAULT 'auto' CHECK(grant_type IN ('auto', 'manual')),  
  created_at DATETIME DEFAULT CURRENT_TIMESTAMP,
  updated_at DATETIME DEFAULT CURRENT_TIMESTAMP,
  FOREIGN KEY (employee_id) REFERENCES employees(id) ON DELETE CASCADE
);
INSERT INTO "paid_leave_grants" VALUES(17,8,'2024-05-11',20,20,'2026-05-11','annual','auto','2026-01-05 05:02:48','2026-01-05 05:02:48');
INSERT INTO "paid_leave_grants" VALUES(18,8,'2025-05-11',20,20,'2027-05-11','annual','auto','2026-01-05 05:02:48','2026-01-05 05:02:48');
INSERT INTO "paid_leave_grants" VALUES(34,18,'2024-07-01',14,14,'2026-07-01','annual','auto','2026-01-05 05:02:48','2026-01-05 05:02:48');
INSERT INTO "paid_leave_grants" VALUES(35,18,'2025-07-01',16,16,'2027-07-01','annual','auto','2026-01-05 05:02:48','2026-01-05 05:02:48');
INSERT INTO "paid_leave_grants" VALUES(36,19,'2024-07-01',12,10,'2026-07-01','annual','auto','2026-01-05 05:02:48','2026-01-05 05:02:48');
INSERT INTO "paid_leave_grants" VALUES(37,19,'2025-07-01',14,14,'2027-07-01','annual','auto','2026-01-05 05:02:48','2026-01-05 05:02:48');
INSERT INTO "paid_leave_grants" VALUES(43,24,'2026-01-01',10,9,'2028-01-01','adjustment','auto','2026-01-14 08:31:23','2026-01-14 08:31:23');
INSERT INTO "paid_leave_grants" VALUES(44,25,'2026-01-01',10,10,'2028-01-01','adjustment','auto','2026-01-14 08:34:27','2026-01-14 08:34:27');
INSERT INTO "paid_leave_grants" VALUES(45,26,'2026-01-01',10,7,'2028-01-01','adjustment','auto','2026-01-14 08:43:57','2026-01-14 08:43:57');
INSERT INTO "paid_leave_grants" VALUES(46,27,'2026-01-01',10,10,'2028-01-01','adjustment','auto','2026-01-14 08:58:26','2026-01-14 08:58:26');
INSERT INTO "paid_leave_grants" VALUES(49,31,'2026-01-01',10,10,'2028-01-01','adjustment','auto','2026-01-15 15:18:27','2026-01-15 15:18:27');
INSERT INTO "paid_leave_grants" VALUES(51,34,'2026-01-01',10,10,'2028-01-01','adjustment','auto','2026-01-23 07:19:55','2026-01-23 07:19:55');
INSERT INTO "paid_leave_grants" VALUES(52,21,'2025-03-01',10,5.5,'2027-03-01','manual','manual','2026-02-02 05:02:07','2026-02-02 05:02:07');
INSERT INTO "paid_leave_grants" VALUES(53,28,'2026-02-01',10,10,'2028-02-01','initial','manual','2026-02-04 06:40:54','2026-02-04 06:40:54');
INSERT INTO "paid_leave_grants" VALUES(70,33,'2026-02-01',10,9.5,'2028-02-01','initial','manual','2026-02-04 07:13:35','2026-02-04 07:13:35');
INSERT INTO "paid_leave_grants" VALUES(71,29,'2024-10-01',10,-3.5,'2026-10-01','initial','manual','2026-02-04 08:12:21','2026-02-04 08:12:21');
INSERT INTO "paid_leave_grants" VALUES(72,29,'2025-10-01',11,5.5,'2027-10-01','annual','manual','2026-02-04 08:12:29','2026-02-04 08:12:29');
INSERT INTO "paid_leave_grants" VALUES(73,23,'2024-01-01',3,1,'2024-04-01','adjustment','manual','2026-02-04 08:58:06','2026-02-04 08:58:06');
INSERT INTO "paid_leave_grants" VALUES(74,23,'2024-01-01',12,10,'2025-04-01','adjustment','manual','2026-02-04 08:58:06','2026-02-04 08:58:06');
INSERT INTO "paid_leave_grants" VALUES(75,23,'2024-04-01',14,13,'2026-04-01','annual','manual','2026-02-04 08:58:06','2026-02-04 08:58:06');
INSERT INTO "paid_leave_grants" VALUES(76,23,'2025-04-01',16,16,'2027-04-01','annual','manual','2026-02-04 08:58:06','2026-02-04 08:58:06');
INSERT INTO "paid_leave_grants" VALUES(77,21,'2025-03-01',10,10,'2027-03-01','initial','auto','2026-02-04 15:00:10','2026-02-04 15:00:10');
CREATE TABLE paid_leave_import_logs (
  id INTEGER PRIMARY KEY AUTOINCREMENT,
  imported_by INTEGER NOT NULL,  
  import_date DATETIME DEFAULT CURRENT_TIMESTAMP,
  file_name TEXT,
  total_records INTEGER DEFAULT 0,
  success_records INTEGER DEFAULT 0,
  error_records INTEGER DEFAULT 0,
  error_details TEXT,  
  FOREIGN KEY (imported_by) REFERENCES employees(id) ON DELETE CASCADE
);
INSERT INTO "paid_leave_import_logs" VALUES(1,17,'2026-02-02 05:02:08','grants_import.csv',1,1,0,'[]');
INSERT INTO "paid_leave_import_logs" VALUES(2,17,'2026-02-02 05:04:10','usages_import.csv',4,4,0,'[]');
CREATE TABLE IF NOT EXISTS "paid_leave_usages" (
  id INTEGER PRIMARY KEY AUTOINCREMENT,
  employee_id INTEGER NOT NULL,
  application_id INTEGER,  
  grant_id INTEGER,
  usage_date DATE NOT NULL,
  used_days REAL NOT NULL,
  leave_type TEXT NOT NULL CHECK(leave_type IN ('full_day', 'half_day', 'hourly')),
  leave_hours REAL,
  created_at DATETIME DEFAULT CURRENT_TIMESTAMP,
  FOREIGN KEY (employee_id) REFERENCES employees(id) ON DELETE CASCADE,
  FOREIGN KEY (application_id) REFERENCES applications(id) ON DELETE CASCADE,
  FOREIGN KEY (grant_id) REFERENCES paid_leave_grants(id) ON DELETE SET NULL
);
INSERT INTO "paid_leave_usages" VALUES(3,29,122,NULL,'2026-01-23',0.5,'half_day',NULL,'2026-01-23 01:38:17');
INSERT INTO "paid_leave_usages" VALUES(4,26,118,45,'2026-02-09',1,'full_day',NULL,'2026-01-23 01:39:15');
INSERT INTO "paid_leave_usages" VALUES(5,26,117,45,'2026-02-05',2,'full_day',NULL,'2026-01-23 01:44:14');
INSERT INTO "paid_leave_usages" VALUES(6,21,NULL,52,'2025-04-23',1,'full_day',NULL,'2026-02-02 05:04:05');
INSERT INTO "paid_leave_usages" VALUES(7,21,NULL,52,'2025-07-28',1,'full_day',NULL,'2026-02-02 05:04:06');
INSERT INTO "paid_leave_usages" VALUES(8,21,NULL,52,'2025-07-29',1,'full_day',NULL,'2026-02-02 05:04:07');
INSERT INTO "paid_leave_usages" VALUES(9,21,NULL,52,'2025-12-15',1,'full_day',NULL,'2026-02-02 05:04:08');
INSERT INTO "paid_leave_usages" VALUES(10,24,124,43,'2026-01-26',1,'full_day',NULL,'2026-02-02 05:07:34');
INSERT INTO "paid_leave_usages" VALUES(11,19,162,36,'2026-02-02',1,'full_day',NULL,'2026-02-02 06:40:10');
INSERT INTO "paid_leave_usages" VALUES(12,19,164,36,'2026-02-02',1,'full_day',NULL,'2026-02-02 07:01:15');
INSERT INTO "paid_leave_usages" VALUES(13,33,NULL,NULL,'2026-02-03',0.5,'half_day',NULL,'2026-02-04 07:21:27');
INSERT INTO "paid_leave_usages" VALUES(14,21,136,52,'2026-01-30',0.5,'half_day',NULL,'2026-02-03 08:15:28');
INSERT INTO "paid_leave_usages" VALUES(16,29,NULL,71,'2024-06-24',1,'full_day',NULL,'2026-02-04 08:12:39');
INSERT INTO "paid_leave_usages" VALUES(17,29,NULL,71,'2024-12-19',0.5,'half_day',NULL,'2026-02-04 08:12:39');
INSERT INTO "paid_leave_usages" VALUES(18,29,NULL,71,'2025-02-14',0.5,'half_day',NULL,'2026-02-04 08:12:39');
INSERT INTO "paid_leave_usages" VALUES(19,29,NULL,71,'2025-04-11',1,'full_day',NULL,'2026-02-04 08:12:39');
INSERT INTO "paid_leave_usages" VALUES(20,29,NULL,71,'2025-06-06',1,'full_day',NULL,'2026-02-04 08:12:39');
INSERT INTO "paid_leave_usages" VALUES(21,29,NULL,71,'2025-06-20',1,'full_day',NULL,'2026-02-04 08:12:39');
INSERT INTO "paid_leave_usages" VALUES(22,29,NULL,71,'2025-09-03',1,'full_day',NULL,'2026-02-04 08:12:39');
INSERT INTO "paid_leave_usages" VALUES(23,29,NULL,71,'2025-09-04',1,'full_day',NULL,'2026-02-04 08:12:39');
INSERT INTO "paid_leave_usages" VALUES(24,29,NULL,71,'2025-09-05',1,'full_day',NULL,'2026-02-04 08:12:39');
INSERT INTO "paid_leave_usages" VALUES(25,29,NULL,71,'2025-09-08',1,'full_day',NULL,'2026-02-04 08:12:39');
INSERT INTO "paid_leave_usages" VALUES(26,29,NULL,71,'2025-09-09',1,'full_day',NULL,'2026-02-04 08:12:48');
INSERT INTO "paid_leave_usages" VALUES(27,29,NULL,71,'2025-09-10',1,'full_day',NULL,'2026-02-04 08:12:48');
INSERT INTO "paid_leave_usages" VALUES(28,29,NULL,71,'2025-09-11',1,'full_day',NULL,'2026-02-04 08:12:48');
INSERT INTO "paid_leave_usages" VALUES(29,29,NULL,71,'2025-09-12',1,'full_day',NULL,'2026-02-04 08:12:48');
INSERT INTO "paid_leave_usages" VALUES(30,29,NULL,71,'2025-09-30',0.5,'half_day',NULL,'2026-02-04 08:12:48');
INSERT INTO "paid_leave_usages" VALUES(31,29,NULL,72,'2025-10-27',1,'full_day',NULL,'2026-02-04 08:12:48');
INSERT INTO "paid_leave_usages" VALUES(32,29,NULL,72,'2025-10-28',1,'full_day',NULL,'2026-02-04 08:12:48');
INSERT INTO "paid_leave_usages" VALUES(33,29,NULL,72,'2025-10-29',1,'full_day',NULL,'2026-02-04 08:12:48');
INSERT INTO "paid_leave_usages" VALUES(34,29,NULL,72,'2025-10-30',1,'full_day',NULL,'2026-02-04 08:12:48');
INSERT INTO "paid_leave_usages" VALUES(35,29,NULL,72,'2025-10-31',1,'full_day',NULL,'2026-02-04 08:12:48');
INSERT INTO "paid_leave_usages" VALUES(36,29,NULL,72,'2025-11-13',0.5,'half_day',NULL,'2026-02-04 08:12:48');
INSERT INTO "paid_leave_usages" VALUES(37,23,NULL,73,'2024-01-04',1,'full_day',NULL,'2026-02-04 08:58:23');
INSERT INTO "paid_leave_usages" VALUES(38,23,NULL,73,'2024-01-05',1,'full_day',NULL,'2026-02-04 08:58:23');
INSERT INTO "paid_leave_usages" VALUES(39,23,NULL,74,'2024-08-23',1,'full_day',NULL,'2026-02-04 08:58:23');
INSERT INTO "paid_leave_usages" VALUES(40,23,NULL,74,'2025-01-06',0.5,'half_day',NULL,'2026-02-04 08:58:23');
INSERT INTO "paid_leave_usages" VALUES(41,23,NULL,74,'2025-01-07',0.5,'half_day',NULL,'2026-02-04 08:58:23');
INSERT INTO "paid_leave_usages" VALUES(42,23,NULL,75,'2025-12-26',1,'full_day',NULL,'2026-02-04 08:58:23');
CREATE TABLE employee_invitations (
  id INTEGER PRIMARY KEY AUTOINCREMENT,
  email TEXT UNIQUE NOT NULL,
  role TEXT NOT NULL CHECK(role IN ('employee', 'approver', 'admin', 'system_admin')),
  token TEXT UNIQUE NOT NULL,
  invited_by INTEGER NOT NULL,
  expires_at DATETIME NOT NULL,
  used_at DATETIME,
  created_at DATETIME DEFAULT CURRENT_TIMESTAMP,
  FOREIGN KEY (invited_by) REFERENCES employees(id) ON DELETE CASCADE
);
INSERT INTO "employee_invitations" VALUES(2,'test.newemployee@value-arc.com','employee','dluQlPyw5wTfSnGcjDoikbMPPtW7ERm4',17,'2026-01-12T06:37:54.410Z',NULL,'2026-01-05 06:37:54');
INSERT INTO "employee_invitations" VALUES(3,'test.employee@value-arc.com','employee','mN48iebcoi59pt6xVJG5FLnn5bc088op',17,'2026-01-13T05:31:44.416Z',NULL,'2026-01-06 05:31:44');
INSERT INTO "employee_invitations" VALUES(4,'yk1176sk@gmail.com','employee','YtRsMRBNHbCoSv9vpghhojAkWm8ZqzJ0',17,'2026-01-13T05:41:00.416Z',NULL,'2026-01-06 05:41:00');
INSERT INTO "employee_invitations" VALUES(7,'sznvresfgedpmohvcb@nespj.com','employee','Pd2lN9F9jA7JtvZ6kK3C4In9JVKn2mLx',17,'2026-01-13T06:09:29.017Z',NULL,'2026-01-06 06:09:29');
INSERT INTO "employee_invitations" VALUES(8,'hhj3p1592h@sute.jp','employee','uy7tHjmruKyWLBT8kZltxl3qYqluGZLd',17,'2026-01-15T08:54:53.579Z',NULL,'2026-01-08 08:54:53');
INSERT INTO "employee_invitations" VALUES(9,'k.shibutani@value-arc.com','employee','2j7xQ85o6LtGUWBRDiWBDcIIJ6UU6PKU',17,'2026-01-15T09:16:22.097Z','2026-01-08 09:17:52','2026-01-08 09:16:22');
INSERT INTO "employee_invitations" VALUES(10,'fl8jmkvqsf@sute.jp','employee','VxgiKO83noniUNCbllCqlLJm6lvrCR0V',17,'2026-01-16T02:57:24.810Z','2026-01-09 02:58:04','2026-01-09 02:57:24');
INSERT INTO "employee_invitations" VALUES(11,'vufv7rlrj3@sute.jp','employee','1gqLqykeHvDiRDH3wgBU8aRShhdPgWh7',17,'2026-01-16T05:57:42.157Z','2026-01-09 07:33:37','2026-01-09 05:57:42');
INSERT INTO "employee_invitations" VALUES(12,'t.makara@value-arc.com','employee','PV7NgYnZenoPoqgQqyVeG2BbaaPxQYRA',17,'2026-01-21T08:17:42.380Z','2026-01-14 08:31:24','2026-01-14 08:17:42');
INSERT INTO "employee_invitations" VALUES(13,'k.takeuchi@value-arc.com','employee','qFMtkO72XewyfUrW8PNoq0ALN0s2l6nI',17,'2026-01-21T08:17:54.637Z','2026-01-14 08:59:53','2026-01-14 08:17:54');
INSERT INTO "employee_invitations" VALUES(14,'y.mizumaki@value-arc.com','employee','puFNS8lvJFF0k5JEneQnLtgkxezoEhJx',17,'2026-01-21T08:18:17.639Z',NULL,'2026-01-14 08:18:17');
INSERT INTO "employee_invitations" VALUES(15,'k.hashimoto@value-arc.com','employee','JyEWkMIZbiuassJUHrGVcZGphaVw94pL',17,'2026-01-21T08:18:26.928Z','2026-01-14 12:52:10','2026-01-14 08:18:27');
INSERT INTO "employee_invitations" VALUES(16,'t.inoue@value-arc.com','employee','NRTOTfbLNaNH7kiNix1mxaXnDDRPjQUy',17,'2026-01-21T08:18:38.698Z','2026-01-14 09:13:12','2026-01-14 08:18:38');
INSERT INTO "employee_invitations" VALUES(17,'jc.kang@value-arc.com','employee','YLhYZBwmBfqWUlxHFw2QK8Qw0oYOSN9g',17,'2026-01-21T08:18:48.818Z','2026-01-14 08:34:28','2026-01-14 08:18:48');
INSERT INTO "employee_invitations" VALUES(18,'a.miura@value-arc.com','employee','IT9FBFAgrqLM0opTuYgphILwICKPMbkp',17,'2026-01-21T08:18:59.117Z',NULL,'2026-01-14 08:18:59');
INSERT INTO "employee_invitations" VALUES(19,'y.imae@value-arc.com','employee','H3L8ePgvv4Qr9KnVaUy1JfbeQnb3pGgI',17,'2026-01-21T08:19:07.946Z','2026-01-20 23:57:42','2026-01-14 08:19:08');
INSERT INTO "employee_invitations" VALUES(20,'y.taniyama@value-arc.com','employee','75IktH4chvw7m0SLn0j3jtA3Bmb8rc16',17,'2026-01-21T08:19:16.415Z','2026-01-14 08:20:51','2026-01-14 08:19:16');
INSERT INTO "employee_invitations" VALUES(21,'t.kobayashi@value-arc.com','approver','jktvnvPyHJKAaY5yOerQsUxVE0I5IdkH',17,'2026-01-21T08:19:27.101Z','2026-01-14 08:58:27','2026-01-14 08:19:27');
INSERT INTO "employee_invitations" VALUES(23,'s.usuzawa@value-arc.com','employee','YDGmp1Pl9qhByRHhm8FYrokfqIyOtu67',17,'2026-01-21T08:19:42.525Z','2026-01-14 08:43:58','2026-01-14 08:19:42');
INSERT INTO "employee_invitations" VALUES(24,'k.ohtaki@value-arc.com','employee','2uVhN1AvzYXVVx3ER6F50AWaQ1bZAtaP',17,'2026-01-21T08:19:50.911Z',NULL,'2026-01-14 08:19:51');
INSERT INTO "employee_invitations" VALUES(25,'n.yamamoto@value-arc.com','employee','8whQEmIkuXhcQevh1YQ0TgsWQ7rHdTXE',17,'2026-01-21T08:27:14.574Z','2026-01-15 15:18:27','2026-01-14 08:27:14');
INSERT INTO "employee_invitations" VALUES(26,'k.takahashi@value-arc.com','employee','go2HAHKIAgCWy7W9nBzrQrKfnNvdIQRz',17,'2026-01-30T07:17:34.400Z','2026-01-23 07:19:55','2026-01-23 07:17:34');
CREATE TABLE IF NOT EXISTS "employees" (
  id INTEGER PRIMARY KEY,
  email TEXT UNIQUE NOT NULL,
  password_hash TEXT NOT NULL,
  name TEXT NOT NULL,
  department TEXT,
  position TEXT,
  manager_id INTEGER,
  employment_type TEXT DEFAULT 'full_time' CHECK(employment_type IN ('full_time', 'part_time', 'contract')),
  hire_date DATE,
  termination_date DATE,
  role TEXT DEFAULT 'employee' CHECK(role IN ('employee', 'approver', 'admin', 'system_admin', 'viewer')),
  paid_leave_balance REAL DEFAULT 10.0,
  created_at DATETIME DEFAULT CURRENT_TIMESTAMP,
  updated_at DATETIME DEFAULT CURRENT_TIMESTAMP,
  current_attendance_rate REAL DEFAULT 1.0,
  carryover_days REAL DEFAULT 0.0,
  next_grant_date DATE,
  service_years INTEGER DEFAULT 0,
  approver_id INTEGER
, second_approver_id INTEGER);
INSERT INTO "employees" VALUES(8,'ryu@value-arc.com','649a3f9f32917bd71f56dabffc9dbf19e2e813a23662d3127641f3e7e22417a5','藤本 隆太郎','-','社員',NULL,'full_time','2015-11-11',NULL,'approver',40,'2025-12-11 00:56:52','2026-02-04 07:04:07',1,0,'2026-05-11',10,NULL,NULL);
INSERT INTO "employees" VALUES(17,'admin@value-arc.com','240be518fabd2724ddb6f04eeb1da5967448d7e831c08c8fa822809f74c720a9','システム管理者','管理部',NULL,NULL,'full_time',NULL,NULL,'system_admin',0,'2025-12-11 01:46:49','2026-01-08 08:32:29',1,0,NULL,0,NULL,NULL);
INSERT INTO "employees" VALUES(18,'admin@company.com','240be518fabd2724ddb6f04eeb1da5967448d7e831c08c8fa822809f74c720a9','承認者テスト用','-','課長',NULL,'full_time','2021-01-01',NULL,'approver',30,'2025-12-11 01:46:49','2026-02-04 07:04:08',1,0,'2026-07-01',5,NULL,NULL);
INSERT INTO "employees" VALUES(19,'user1@company.com','240be518fabd2724ddb6f04eeb1da5967448d7e831c08c8fa822809f74c720a9','社員1','-','社員',NULL,'full_time','2022-01-01',NULL,'employee',24,'2025-12-11 01:46:49','2026-02-04 07:04:08',1,0,'2026-07-01',4,18,17);
INSERT INTO "employees" VALUES(21,'k.shibutani@value-arc.com','7ea23fcc4355c7a296d1e5eb08617f71f55e45a1af528731696d3a86f6d210d7','渋谷 一貴','-',NULL,NULL,'full_time','2024-09-01',NULL,'employee',15.5,'2026-01-08 09:17:51','2026-02-04 15:00:13',1,0,'2026-03-01',1,8,NULL);
INSERT INTO "employees" VALUES(22,'accountant@value-arc.com','65375049b9e4d7cad6c9ba286fdeb9394b28135a3e84136404cfccfdcc438894','顧問税理士','外部',NULL,NULL,'full_time','2026-01-09',NULL,'viewer',0,'2026-01-09 02:43:30','2026-01-09 02:43:30',1,0,NULL,0,NULL,NULL);
INSERT INTO "employees" VALUES(23,'y.taniyama@value-arc.com','b181c58cbc097ecd3ea9335ec4fd30520b3d3ed796344905546c8cd6a4024a60','谷山 善規','-',NULL,NULL,'full_time','2020-10-01',NULL,'employee',29,'2026-01-14 08:20:50','2026-02-04 07:04:08',1,0,'2026-04-01',5.5,8,NULL);
INSERT INTO "employees" VALUES(24,'t.makara@value-arc.com','766c4507ae8e31c93083564da30200ee38bdc15c56bba922d9bb3b2f4d53c9f6','眞柄 尚泰','-',NULL,NULL,'full_time','2024-07-01',NULL,'employee',9,'2026-01-14 08:31:22','2026-02-04 07:04:08',1,0,'2027-01-01',1.5,8,NULL);
INSERT INTO "employees" VALUES(25,'jc.kang@value-arc.com','30ccc2818c833781c9be62107a9db4e9c1ffc31d13492c3571b56c344f957e44','カン　ヨハンクリスチャン','-',NULL,NULL,'full_time','2016-12-19',NULL,'employee',10,'2026-01-14 08:34:27','2026-02-04 07:04:08',1,0,'2026-06-19',9,8,NULL);
INSERT INTO "employees" VALUES(26,'s.usuzawa@value-arc.com','85ecd1640dd7078febe7527f04819c6d1e64f76ff2a341902c77f078389c19c7','臼澤省吾','-',NULL,NULL,'full_time','2018-08-01',NULL,'employee',7,'2026-01-14 08:43:57','2026-02-04 07:04:08',1,0,'2027-02-01',7.5,8,NULL);
INSERT INTO "employees" VALUES(27,'t.kobayashi@value-arc.com','879643fc81d729691ff362dda4b5d979d478d72283e5cf712d86b0638761b70c','小林 知記','-',NULL,NULL,'full_time','2019-05-08',NULL,'approver',10,'2026-01-14 08:58:26','2026-02-04 07:04:08',1,0,'2026-11-08',6.5,8,NULL);
INSERT INTO "employees" VALUES(28,'k.takeuchi@value-arc.com','013423eeacdde91d9be6d697c9f6a2ab459746bd6e013f51e5bf909ecb123628','武内 健太朗','-',NULL,NULL,'full_time','2025-08-01',NULL,'employee',10,'2026-01-14 08:59:52','2026-01-14 08:59:53',1,0,'2027-02-01',0.5,8,NULL);
INSERT INTO "employees" VALUES(29,'t.inoue@value-arc.com','18437bab10e9c028740a7d5a936585e0231add2a9bf25c669d16cdac5a92de1b','井上智也','-',NULL,NULL,'full_time','2024-04-01',NULL,'employee',2,'2026-01-14 09:13:11','2026-02-04 07:04:08',1,0,'2026-10-01',1.5,8,NULL);
INSERT INTO "employees" VALUES(30,'k.hashimoto@value-arc.com','3a214b1b455bb9d8d582a84882916e4bc2d25ccb299885f1ce20c42662fc7d4c','橋本京子','-',NULL,NULL,'full_time','2020-01-01',NULL,'employee',0,'2026-01-14 12:52:10','2026-02-04 07:04:08',1,0,'2026-07-01',6,8,27);
INSERT INTO "employees" VALUES(31,'n.yamamoto@value-arc.com','a8a7824164432819035601ab6b99993a6f3e40f1ad7ec2d978bd3b18f4423c61','山本直将','-',NULL,NULL,'full_time','2024-07-16',NULL,'employee',10,'2026-01-15 15:18:26','2026-02-04 07:04:08',1,0,'2027-01-16',1.5,8,NULL);
INSERT INTO "employees" VALUES(32,'user2@company.com','240be518fabd2724ddb6f04eeb1da5967448d7e831c08c8fa822809f74c720a9','社員2','-',NULL,NULL,'full_time','2026-01-01',NULL,'employee',0,'2026-01-20 09:03:49','2026-01-20 09:03:49',1,0,'2026-07-01',0,18,NULL);
INSERT INTO "employees" VALUES(33,'y.imae@value-arc.com','daa5dee6d5c73ab644c478ce4a9b6a5028a45cc62a9e0b6ce499c67aa1c72ab1','今江結希','-',NULL,NULL,'full_time','2025-08-01',NULL,'employee',9.5,'2026-01-20 23:57:42','2026-02-04 07:06:04',1,0,'2027-02-01',0.5,8,NULL);
INSERT INTO "employees" VALUES(34,'k.takahashi@value-arc.com','66794504d5bb55ec6fd250ededf92ea3da57bc9787514d59a6534d4a085b6d34','髙橋　滉太','-',NULL,NULL,'full_time','2018-12-25',NULL,'employee',10,'2026-01-23 07:19:52','2026-02-04 07:04:09',1,0,'2026-06-25',7,8,NULL);
CREATE TABLE IF NOT EXISTS "feature_requests" (
  id INTEGER PRIMARY KEY AUTOINCREMENT,
  employee_id INTEGER NOT NULL,
  title TEXT NOT NULL,
  description TEXT NOT NULL,
  category TEXT CHECK(category IN ('new_feature', 'improvement', 'bug', 'other')),
  priority TEXT DEFAULT 'medium' CHECK(priority IN ('low', 'medium', 'high')),
  status TEXT DEFAULT 'pending' CHECK(status IN ('pending', 'in_progress', 'completed', 'on_hold', 'rejected')),
  admin_comment TEXT,
  created_at DATETIME DEFAULT CURRENT_TIMESTAMP,
  updated_at DATETIME DEFAULT CURRENT_TIMESTAMP,
  FOREIGN KEY (employee_id) REFERENCES employees(id)
);
INSERT INTO "feature_requests" VALUES(1,17,'テスト',replace('テストです・\n1\n2\n3\n4\n5\n','\n',char(10)),'new_feature','medium','rejected','テスト','2026-01-13 02:35:11','2026-01-13 03:12:02');
INSERT INTO "feature_requests" VALUES(2,21,'テスト1',replace('テストです。\n\n追加してほしい機能\nA\nB\nC','\n',char(10)),'new_feature','medium','completed','完了です（テスト）','2026-01-13 02:39:49','2026-01-13 03:11:52');
INSERT INTO "feature_requests" VALUES(3,26,'ログイン画面が左に寄ってる',replace('社内システムなので直す必要はないですが、ログイン画面が左に寄ってます。\n社外向けに作るときは、表示位置の考慮必要かもです。\n後、ブラウザ利用するシステムの場合は、使用するブラウザ（chrome、Edgeなど）での表示テストも必要かもです。\n\n\n\n','\n',char(10)),'other','low','completed',replace('ご確認ありがとうございます。\n・ログイン画面を中央に修正しました。\n・対応ブラウザについては、マニュアルに記載するようにいたしました。\n\n※なお、現時点での確認済みブラウザは以下のものとなっています。\n-Google Chrome（推奨）\n-Microsoft Edge（Chromium版）\n-Firefox\n\nよろしくお願いいたします。','\n',char(10)),'2026-01-14 10:54:19','2026-01-16 08:36:13');
INSERT INTO "feature_requests" VALUES(4,23,'申請済みの当月残業合計時間が知りたい',replace('・月次（当月、前月くらいまで？）の合計残業実績がポータル内で確認できると、より便利でありがたいです！\n・日次で残業申請をバラバラと上げていますが、月次でも業務量を把握したいためです！','\n',char(10)),'improvement','low','completed',replace('ダッシュボードに月間の残業時間を確認できる枠を設置しました。\n申請済み、承認済み、承認待ちごとの時間数がわかるようにしています。\nよろしくお願いいたします。','\n',char(10)),'2026-01-30 01:09:08','2026-02-02 07:52:13');
INSERT INTO "feature_requests" VALUES(5,8,'申請を複数選択して一括承認できるようにしたいです',replace('現状申請の承認を行う際に１件ずつボタンを押していく必要があります。\n件数があるので選択して一気に承認できるようにしたいです。','\n',char(10)),'new_feature','high','completed',replace('申請承認を一括して操作できる機能を実装しました。\n\n「申請一覧」ページ\n→複数の承認待ち申請を選択（チェックボックス）\n→枠右上の「選択した申請を一括承認 (N)」ボタンをクリック\n→確認ダイアログで「OK」で一括承認できます。','\n',char(10)),'2026-02-02 05:13:19','2026-02-02 08:59:37');
CREATE TABLE IF NOT EXISTS "applications" (
  id INTEGER PRIMARY KEY AUTOINCREMENT,
  application_type TEXT NOT NULL CHECK(application_type IN ('expense', 'paid_leave', 'overtime', 'wish')),
  applicant_id INTEGER NOT NULL,
  status TEXT NOT NULL CHECK(status IN ('draft', 'pending', 'approved', 'rejected', 'sent_back', 'withdrawn')),
  title TEXT NOT NULL,
  description TEXT,
  
  -- Expense fields
  expense_amount REAL,
  expense_category TEXT,
  expense_date DATE,
  payment_method TEXT CHECK(payment_method IN ('cash', 'credit_card', 'company_card', 'transfer')),
  payment_status TEXT CHECK(payment_status IN ('unpaid', 'scheduled', 'paid')),
  account_code TEXT,
  payee TEXT,
  invoice_number TEXT,
  expense_notes TEXT,
  
  -- Leave fields
  leave_start_date DATE,
  leave_end_date DATE,
  leave_type TEXT CHECK(leave_type IN ('full_day', 'half_day')),
  leave_hours REAL,
  
  -- Overtime fields
  overtime_date DATE,
  planned_overtime_hours REAL,
  planned_overtime_hours_before REAL,
  planned_overtime_hours_after REAL,
  actual_overtime_hours REAL,
  overtime_reason TEXT,
  
  -- Wish fields
  wish_item_name TEXT,
  wish_reason TEXT,
  wish_estimated_cost REAL,
  wish_priority TEXT CHECK(wish_priority IN ('low', 'medium', 'high')),
  wish_url TEXT,
  
  -- Common fields
  attachment_url TEXT,
  current_approver_id INTEGER,
  final_approved_at DATETIME,
  created_at DATETIME DEFAULT CURRENT_TIMESTAMP,
  updated_at DATETIME DEFAULT CURRENT_TIMESTAMP, application_number TEXT, second_current_approver_id INTEGER,
  
  FOREIGN KEY (applicant_id) REFERENCES employees(id),
  FOREIGN KEY (current_approver_id) REFERENCES employees(id)
);
INSERT INTO "applications" VALUES(111,'overtime',18,'withdrawn','テスト',NULL,NULL,NULL,NULL,NULL,NULL,NULL,NULL,NULL,NULL,NULL,NULL,NULL,NULL,'2026-01-14',2,1,1,NULL,'テスト',NULL,NULL,NULL,NULL,NULL,NULL,NULL,NULL,'2026-01-14 08:32:54','2026-01-19 06:02:46','OT-20260114-0001',NULL);
INSERT INTO "applications" VALUES(112,'overtime',19,'sent_back','テスト',NULL,NULL,NULL,NULL,NULL,NULL,NULL,NULL,NULL,NULL,NULL,NULL,NULL,NULL,'2026-01-14',3.5,3.5,NULL,NULL,'テストです',NULL,NULL,NULL,NULL,NULL,NULL,18,NULL,'2026-01-14 08:34:09','2026-01-22 05:58:41','OT-20260114-0002',17);
INSERT INTO "applications" VALUES(113,'overtime',25,'approved','ウェブメディアの作業',NULL,NULL,NULL,NULL,NULL,NULL,NULL,NULL,NULL,NULL,NULL,NULL,NULL,NULL,'2026-01-08',1,1,NULL,NULL,'プレスリリース関連',NULL,NULL,NULL,NULL,NULL,NULL,8,'2026-02-02T05:05:27.243Z','2026-01-14 08:38:33','2026-02-02 05:05:27','OT-20260114-0003',NULL);
INSERT INTO "applications" VALUES(114,'overtime',25,'approved','ウェブメディアの作業',NULL,NULL,NULL,NULL,NULL,NULL,NULL,NULL,NULL,NULL,NULL,NULL,NULL,NULL,'2026-01-01',1.5,1.5,NULL,NULL,'イベント関連の記事（イベントの翌日に掲載するため）',NULL,NULL,NULL,NULL,NULL,NULL,8,'2026-02-02T05:05:35.195Z','2026-01-14 08:38:55','2026-02-02 05:05:35','OT-20260114-0004',NULL);
INSERT INTO "applications" VALUES(115,'overtime',25,'approved','ウェブメディアの作業',NULL,NULL,NULL,NULL,NULL,NULL,NULL,NULL,NULL,NULL,NULL,NULL,NULL,NULL,'2026-01-10',3,3,NULL,NULL,'週末に公開した方がいい記事＋追加の内容が来たため',NULL,NULL,NULL,NULL,NULL,NULL,8,'2026-02-02T05:05:52.393Z','2026-01-14 08:38:57','2026-02-02 05:05:52','OT-20260114-0005',NULL);
INSERT INTO "applications" VALUES(116,'overtime',25,'approved','ウェブメディアの作業',NULL,NULL,NULL,NULL,NULL,NULL,NULL,NULL,NULL,NULL,NULL,NULL,NULL,NULL,'2026-01-11',1,NULL,1,NULL,'ウェブメディア緊急対応（カメラマンからの伝達ミスで記事に不備があったため）',NULL,NULL,NULL,NULL,NULL,NULL,8,'2026-02-02T05:06:05.306Z','2026-01-14 08:38:59','2026-02-02 05:06:05','OT-20260114-0006',NULL);
INSERT INTO "applications" VALUES(117,'paid_leave',26,'approved','私用のため',NULL,NULL,NULL,NULL,NULL,NULL,NULL,NULL,NULL,NULL,'2026-02-05','2026-02-06','full_day',NULL,NULL,NULL,NULL,NULL,NULL,NULL,NULL,NULL,NULL,NULL,NULL,NULL,8,'2026-01-23T01:44:15.107Z','2026-01-14 08:45:41','2026-01-23 01:44:15','LEAVE-20260114-0001',NULL);
INSERT INTO "applications" VALUES(118,'paid_leave',26,'approved','私用のため',NULL,NULL,NULL,NULL,NULL,NULL,NULL,NULL,NULL,NULL,'2026-02-09','2026-02-09','full_day',NULL,NULL,NULL,NULL,NULL,NULL,NULL,NULL,NULL,NULL,NULL,NULL,NULL,8,'2026-01-23T01:39:16.288Z','2026-01-14 08:45:43','2026-01-23 01:39:16','LEAVE-20260114-0002',NULL);
INSERT INTO "applications" VALUES(119,'expense',28,'approved','2026年1月ワークデイ交通費_乗車券',NULL,3960,'travel_transportation','2026-01-09','credit_card','unpaid',NULL,'東日本旅客鉄道株式会社','T9011001029597',NULL,NULL,NULL,NULL,NULL,NULL,NULL,NULL,NULL,NULL,NULL,NULL,NULL,NULL,NULL,NULL,'receipts/1768381518613-rh42onp5p1.jpg',8,'2026-02-02T05:06:43.372Z','2026-01-14 09:06:15','2026-02-02 05:06:43','EXP-20260114-0001',NULL);
INSERT INTO "applications" VALUES(120,'expense',28,'approved','2026年1月ワークデイ交通費_特急券',NULL,2960,'travel_transportation','2026-01-09','credit_card','unpaid',NULL,'東日本旅客鉄道株式会社','T9011001029597',NULL,NULL,NULL,NULL,NULL,NULL,NULL,NULL,NULL,NULL,NULL,NULL,NULL,NULL,NULL,NULL,'receipts/1768381573072-vrksle5zaao.pdf',8,'2026-02-02T05:06:52.399Z','2026-01-14 09:06:17','2026-02-02 05:06:52','EXP-20260114-0002',NULL);
INSERT INTO "applications" VALUES(121,'expense',27,'approved','崔さん会食の交通費',NULL,2200,'travel_transportation','2026-01-13','credit_card','unpaid',NULL,'国際自動車株式会社','T8010801018901',NULL,NULL,NULL,NULL,NULL,NULL,NULL,NULL,NULL,NULL,NULL,NULL,NULL,NULL,NULL,NULL,'receipts/1768381624375-j3pg18syaoe.pdf',8,'2026-02-02T05:07:14.954Z','2026-01-14 09:07:06','2026-02-02 05:07:15','EXP-20260114-0003',NULL);
INSERT INTO "applications" VALUES(122,'paid_leave',29,'approved','免許更新のため',NULL,NULL,NULL,NULL,NULL,NULL,NULL,NULL,NULL,NULL,'2026-01-23','2026-01-23','half_day',NULL,NULL,NULL,NULL,NULL,NULL,NULL,NULL,NULL,NULL,NULL,NULL,NULL,8,'2026-01-23T01:38:17.908Z','2026-01-20 01:56:28','2026-01-23 01:38:18','LEAVE-20260120-0001',NULL);
INSERT INTO "applications" VALUES(123,'overtime',29,'approved','ステーブルコイン企画',NULL,NULL,NULL,NULL,NULL,NULL,NULL,NULL,NULL,NULL,NULL,NULL,NULL,NULL,'2026-01-20',2,2,NULL,NULL,'始業前に打ち合わせが1時間あり、定時後に作業を1時間行いました。',NULL,NULL,NULL,NULL,NULL,NULL,8,'2026-02-02T05:07:27.620Z','2026-01-20 12:31:29','2026-02-02 05:07:27','OT-20260120-0001',NULL);
INSERT INTO "applications" VALUES(124,'paid_leave',24,'approved','私用のため',NULL,NULL,NULL,NULL,NULL,NULL,NULL,NULL,NULL,NULL,'2026-01-26','2026-01-26','full_day',NULL,NULL,NULL,NULL,NULL,NULL,NULL,NULL,NULL,NULL,NULL,NULL,NULL,8,'2026-02-02T05:07:35.032Z','2026-01-21 02:14:08','2026-02-02 05:07:35','LEAVE-20260121-0001',NULL);
INSERT INTO "applications" VALUES(125,'expense',23,'approved','デンタルケア（健康診断 任意検査）',NULL,5000,'welfare','2026-01-16','credit_card','unpaid',NULL,'北谷パレスデンタルクリニック',NULL,NULL,NULL,NULL,NULL,NULL,NULL,NULL,NULL,NULL,NULL,NULL,NULL,NULL,NULL,NULL,NULL,'receipts/1768978468459-ty730pvilo.jpg',8,'2026-02-02T05:13:31.084Z','2026-01-21 06:54:32','2026-02-02 05:13:31','EXP-20260121-0001',NULL);
INSERT INTO "applications" VALUES(126,'expense',21,'approved','mineo利用料金',NULL,1464,'communication','2026-01-21','cash','unpaid',NULL,'株式会社オプテージ（mineo） ','T9120001062589',NULL,NULL,NULL,NULL,NULL,NULL,NULL,NULL,NULL,NULL,NULL,NULL,NULL,NULL,NULL,NULL,'receipts/1768986517258-zd7p9hgpofc.jpg',8,'2026-02-02T05:13:39.729Z','2026-01-21 09:08:40','2026-02-02 05:13:39','EXP-20260121-0002',NULL);
INSERT INTO "applications" VALUES(127,'overtime',23,'approved','プロジェクト対応',NULL,NULL,NULL,NULL,NULL,NULL,NULL,NULL,NULL,NULL,NULL,NULL,NULL,NULL,'2026-01-05',2,2,NULL,NULL,'会議出席、資料作成のため',NULL,NULL,NULL,NULL,NULL,NULL,8,'2026-02-03T04:53:12.884Z','2026-01-22 09:55:17','2026-02-03 04:53:12','OT-20260122-0001',NULL);
INSERT INTO "applications" VALUES(128,'overtime',23,'approved','プロジェクト対応',NULL,NULL,NULL,NULL,NULL,NULL,NULL,NULL,NULL,NULL,NULL,NULL,NULL,NULL,'2026-01-06',1,1,NULL,NULL,'会議出席、資料作成のため',NULL,NULL,NULL,NULL,NULL,NULL,8,'2026-02-03T04:53:25.237Z','2026-01-22 09:55:30','2026-02-03 04:53:25','OT-20260122-0002',NULL);
INSERT INTO "applications" VALUES(129,'overtime',23,'approved','プロジェクト対応',NULL,NULL,NULL,NULL,NULL,NULL,NULL,NULL,NULL,NULL,NULL,NULL,NULL,NULL,'2026-01-07',1,1,NULL,NULL,'会議出席、資料作成のため',NULL,NULL,NULL,NULL,NULL,NULL,8,'2026-02-03T08:14:07.382Z','2026-01-22 09:55:32','2026-02-03 08:14:07','OT-20260122-0003',NULL);
INSERT INTO "applications" VALUES(130,'overtime',23,'approved','プロジェクト対応',NULL,NULL,NULL,NULL,NULL,NULL,NULL,NULL,NULL,NULL,NULL,NULL,NULL,NULL,'2026-01-09',2,2,NULL,NULL,'会議出席、資料作成のため',NULL,NULL,NULL,NULL,NULL,NULL,8,'2026-02-03T08:15:35.328Z','2026-01-22 09:55:34','2026-02-03 08:15:35','OT-20260122-0004',NULL);
INSERT INTO "applications" VALUES(131,'overtime',23,'approved','プロジェクト対応',NULL,NULL,NULL,NULL,NULL,NULL,NULL,NULL,NULL,NULL,NULL,NULL,NULL,NULL,'2026-01-13',1,1,NULL,NULL,'会議出席、資料作成のため',NULL,NULL,NULL,NULL,NULL,NULL,8,'2026-02-03T08:15:33.986Z','2026-01-22 09:55:36','2026-02-03 08:15:34','OT-20260122-0005',NULL);
INSERT INTO "applications" VALUES(132,'overtime',23,'approved','プロジェクト対応',NULL,NULL,NULL,NULL,NULL,NULL,NULL,NULL,NULL,NULL,NULL,NULL,NULL,NULL,'2026-01-14',1,1,NULL,NULL,'会議出席、資料作成のため',NULL,NULL,NULL,NULL,NULL,NULL,8,'2026-02-03T08:15:32.958Z','2026-01-22 09:55:38','2026-02-03 08:15:33','OT-20260122-0006',NULL);
INSERT INTO "applications" VALUES(133,'overtime',23,'approved','プロジェクト対応',NULL,NULL,NULL,NULL,NULL,NULL,NULL,NULL,NULL,NULL,NULL,NULL,NULL,NULL,'2026-01-16',1,1,NULL,NULL,'会議出席、資料作成のため',NULL,NULL,NULL,NULL,NULL,NULL,8,'2026-02-03T08:15:31.937Z','2026-01-22 09:55:40','2026-02-03 08:15:32','OT-20260122-0007',NULL);
INSERT INTO "applications" VALUES(134,'overtime',23,'approved','プロジェクト対応',NULL,NULL,NULL,NULL,NULL,NULL,NULL,NULL,NULL,NULL,NULL,NULL,NULL,NULL,'2026-01-20',2,2,NULL,NULL,'会議出席、資料作成のため',NULL,NULL,NULL,NULL,NULL,NULL,8,'2026-02-03T08:15:30.810Z','2026-01-22 09:55:41','2026-02-03 08:15:30','OT-20260122-0008',NULL);
INSERT INTO "applications" VALUES(135,'overtime',23,'approved','プロジェクト対応',NULL,NULL,NULL,NULL,NULL,NULL,NULL,NULL,NULL,NULL,NULL,NULL,NULL,NULL,'2026-01-21',2,2,NULL,NULL,'会議出席、資料作成のため',NULL,NULL,NULL,NULL,NULL,NULL,8,'2026-02-03T08:15:29.786Z','2026-01-22 09:55:43','2026-02-03 08:15:29','OT-20260122-0009',NULL);
INSERT INTO "applications" VALUES(136,'paid_leave',21,'approved','私用のため',NULL,NULL,NULL,NULL,NULL,NULL,NULL,NULL,NULL,NULL,'2026-01-30','2026-01-30','half_day',NULL,NULL,NULL,NULL,NULL,NULL,NULL,NULL,NULL,NULL,NULL,NULL,NULL,8,'2026-02-03T08:15:28.768Z','2026-01-26 02:05:50','2026-02-03 08:15:28','LEAVE-20260126-0001',NULL);
INSERT INTO "applications" VALUES(137,'overtime',23,'approved','プロジェクト対応',NULL,NULL,NULL,NULL,NULL,NULL,NULL,NULL,NULL,NULL,NULL,NULL,NULL,NULL,'2026-01-23',2,2,NULL,NULL,'会議出席、資料作成のため',NULL,NULL,NULL,NULL,NULL,NULL,8,'2026-02-03T08:15:26.610Z','2026-01-26 13:36:34','2026-02-03 08:15:26','OT-20260126-0001',NULL);
INSERT INTO "applications" VALUES(138,'overtime',23,'approved','プロジェクト対応',NULL,NULL,NULL,NULL,NULL,NULL,NULL,NULL,NULL,NULL,NULL,NULL,NULL,NULL,'2026-01-26',1,1,NULL,NULL,'会議出席、資料作成のため',NULL,NULL,NULL,NULL,NULL,NULL,8,'2026-02-03T08:15:25.498Z','2026-01-26 13:37:03','2026-02-03 08:15:25','OT-20260126-0002',NULL);
INSERT INTO "applications" VALUES(139,'expense',23,'approved','定期健康診断',NULL,11000,'welfare','2026-01-29','credit_card','unpaid',NULL,'一般社団法人 中部地区医師会検診センター','T5360005002447',NULL,NULL,NULL,NULL,NULL,NULL,NULL,NULL,NULL,NULL,NULL,NULL,NULL,NULL,NULL,NULL,'receipts/1769653758218-pni24ncnj98.jpeg',8,'2026-02-03T08:15:24.514Z','2026-01-29 02:29:22','2026-02-03 08:15:24','EXP-20260129-0001',NULL);
INSERT INTO "applications" VALUES(140,'overtime',23,'approved','プロジェクト対応',NULL,NULL,NULL,NULL,NULL,NULL,NULL,NULL,NULL,NULL,NULL,NULL,NULL,NULL,'2026-01-28',2,2,NULL,NULL,'会議出席、資料作成のため',NULL,NULL,NULL,NULL,NULL,NULL,8,'2026-02-03T08:15:23.497Z','2026-01-30 00:29:00','2026-02-03 08:15:23','OT-20260130-0001',NULL);
INSERT INTO "applications" VALUES(141,'overtime',25,'approved','ウェブメディア作業',NULL,NULL,NULL,NULL,NULL,NULL,NULL,NULL,NULL,NULL,NULL,NULL,NULL,NULL,'2026-01-30',2,NULL,2,NULL,'記事の記載に問題があったので急遽修正する必要があったため',NULL,NULL,NULL,NULL,NULL,NULL,8,'2026-02-03T08:09:21.903Z','2026-01-31 01:11:26','2026-02-03 08:09:21','OT-20260131-0001',NULL);
INSERT INTO "applications" VALUES(142,'overtime',30,'approved','プロジェクト全国営業会議資料作成対応',NULL,NULL,NULL,NULL,NULL,NULL,NULL,NULL,NULL,NULL,NULL,NULL,NULL,NULL,'2026-01-05',6,3,3,NULL,'クライアントの方針変更により大幅な資料修正対応発生',NULL,NULL,NULL,NULL,NULL,NULL,8,'2026-02-02T06:27:00.506Z','2026-01-31 07:25:43','2026-02-02 06:27:00','OT-20260131-0002',27);
INSERT INTO "applications" VALUES(143,'overtime',30,'approved','プロジェクト全国営業会議資料作成対応',NULL,NULL,NULL,NULL,NULL,NULL,NULL,NULL,NULL,NULL,NULL,NULL,NULL,NULL,'2026-01-06',8,3,5,NULL,'クライアントの方針変更により大幅な資料修正対応発生',NULL,NULL,NULL,NULL,NULL,NULL,8,'2026-02-02T06:27:23.218Z','2026-01-31 07:25:45','2026-02-02 06:27:23','OT-20260131-0003',27);
INSERT INTO "applications" VALUES(144,'overtime',30,'approved','プロジェクト遅延対応',NULL,NULL,NULL,NULL,NULL,NULL,NULL,NULL,NULL,NULL,NULL,NULL,NULL,NULL,'2026-01-08',5,3,2,NULL,'クライアントの作業大幅遅延に伴い早急なタスクの棚卸・優先順位付けが必要となったため',NULL,NULL,NULL,NULL,NULL,NULL,8,'2026-02-02T06:28:21.623Z','2026-01-31 07:25:47','2026-02-02 06:28:21','OT-20260131-0004',27);
INSERT INTO "applications" VALUES(145,'overtime',30,'approved','プロジェクト課題対応',NULL,NULL,NULL,NULL,NULL,NULL,NULL,NULL,NULL,NULL,NULL,NULL,NULL,NULL,'2026-01-14',2,2,NULL,NULL,'計画未達要因の分析と打ち手の方針の報告が至急必要となったため',NULL,NULL,NULL,NULL,NULL,NULL,8,'2026-02-02T06:28:28.039Z','2026-01-31 07:26:03','2026-02-02 06:28:28','OT-20260131-0005',27);
INSERT INTO "applications" VALUES(146,'overtime',30,'approved','プロジェクト課題対応',NULL,NULL,NULL,NULL,NULL,NULL,NULL,NULL,NULL,NULL,NULL,NULL,NULL,NULL,'2026-01-27',3,3,NULL,NULL,'現状分析の方針について抜本的な修正指示を受け、手戻りが発生したため',NULL,NULL,NULL,NULL,NULL,NULL,8,'2026-02-02T06:28:34.138Z','2026-01-31 07:26:05','2026-02-02 06:28:34','OT-20260131-0006',27);
INSERT INTO "applications" VALUES(147,'overtime',30,'approved','プロジェクト課題対応',NULL,NULL,NULL,NULL,NULL,NULL,NULL,NULL,NULL,NULL,NULL,NULL,NULL,NULL,'2026-01-29',2,2,NULL,NULL,'現状分析の抜本的な修正指示により、手戻りが発生したため',NULL,NULL,NULL,NULL,NULL,NULL,8,'2026-02-02T06:28:40.168Z','2026-01-31 07:26:07','2026-02-02 06:28:40','OT-20260131-0007',27);
INSERT INTO "applications" VALUES(148,'expense',30,'approved','交通費',NULL,852,'travel_transportation','2026-01-05','cash','unpaid',NULL,'都営交通、東京メトロ',NULL,'笹塚→竹橋',NULL,NULL,NULL,NULL,NULL,NULL,NULL,NULL,NULL,NULL,NULL,NULL,NULL,NULL,NULL,NULL,8,'2026-02-02T06:29:38.548Z','2026-01-31 07:34:55','2026-02-02 06:29:38','EXP-20260131-0001',27);
INSERT INTO "applications" VALUES(149,'expense',30,'approved','交通費',NULL,852,'travel_transportation','2026-01-06','cash','unpaid',NULL,'東京メトロ、都営交通',NULL,'笹塚→竹橋',NULL,NULL,NULL,NULL,NULL,NULL,NULL,NULL,NULL,NULL,NULL,NULL,NULL,NULL,NULL,NULL,8,'2026-02-02T06:29:44.273Z','2026-01-31 07:35:07','2026-02-02 06:29:44','EXP-20260131-0002',27);
INSERT INTO "applications" VALUES(150,'expense',30,'approved','交通費',NULL,852,'travel_transportation','2026-01-07','credit_card','unpaid',NULL,'東京メトロ、都営交通',NULL,'笹塚→竹橋',NULL,NULL,NULL,NULL,NULL,NULL,NULL,NULL,NULL,NULL,NULL,NULL,NULL,NULL,NULL,NULL,8,'2026-02-02T06:29:49.925Z','2026-01-31 07:35:10','2026-02-02 06:29:50','EXP-20260131-0003',27);
INSERT INTO "applications" VALUES(151,'expense',30,'approved','交通費',NULL,852,'travel_transportation','2026-01-08','credit_card','unpaid',NULL,'東京メトロ、都営交通',NULL,'笹塚→竹橋',NULL,NULL,NULL,NULL,NULL,NULL,NULL,NULL,NULL,NULL,NULL,NULL,NULL,NULL,NULL,NULL,8,'2026-02-02T06:29:55.499Z','2026-01-31 07:35:11','2026-02-02 06:29:55','EXP-20260131-0004',27);
INSERT INTO "applications" VALUES(152,'expense',30,'approved','交通費',NULL,852,'travel_transportation','2026-01-09','credit_card','unpaid',NULL,'東京メトロ、都営交通',NULL,'笹塚→竹橋',NULL,NULL,NULL,NULL,NULL,NULL,NULL,NULL,NULL,NULL,NULL,NULL,NULL,NULL,NULL,NULL,8,'2026-02-02T06:30:01.172Z','2026-01-31 07:35:13','2026-02-02 06:30:01','EXP-20260131-0005',27);
INSERT INTO "applications" VALUES(153,'expense',30,'approved','交通費',NULL,852,'travel_transportation','2026-01-15','credit_card','unpaid',NULL,'東京メトロ、都営交通',NULL,'笹塚→竹橋',NULL,NULL,NULL,NULL,NULL,NULL,NULL,NULL,NULL,NULL,NULL,NULL,NULL,NULL,NULL,NULL,8,'2026-02-02T06:30:07.757Z','2026-01-31 07:35:15','2026-02-02 06:30:07','EXP-20260131-0006',27);
INSERT INTO "applications" VALUES(154,'expense',30,'approved','交通費',NULL,852,'travel_transportation','2026-01-27','credit_card','unpaid',NULL,'東京メトロ、都営交通',NULL,'笹塚→竹橋',NULL,NULL,NULL,NULL,NULL,NULL,NULL,NULL,NULL,NULL,NULL,NULL,NULL,NULL,NULL,NULL,8,'2026-02-02T06:30:22.077Z','2026-01-31 07:35:17','2026-02-02 06:30:22','EXP-20260131-0007',27);
INSERT INTO "applications" VALUES(155,'expense',30,'approved','交通費',NULL,852,'travel_transportation','2026-01-30','credit_card','unpaid',NULL,'東京メトロ、都営交通',NULL,'笹塚→竹橋',NULL,NULL,NULL,NULL,NULL,NULL,NULL,NULL,NULL,NULL,NULL,NULL,NULL,NULL,NULL,NULL,8,'2026-02-02T06:30:27.641Z','2026-01-31 07:35:18','2026-02-02 06:30:27','EXP-20260131-0008',27);
INSERT INTO "applications" VALUES(156,'expense',30,'withdrawn','交通費',NULL,852,'travel_transportation','2026-01-30','credit_card','unpaid',NULL,'東京メトロ、都営交通',NULL,'笹塚→竹橋',NULL,NULL,NULL,NULL,NULL,NULL,NULL,NULL,NULL,NULL,NULL,NULL,NULL,NULL,NULL,NULL,8,NULL,'2026-01-31 07:35:20','2026-01-31 07:36:31','EXP-20260131-0009',27);
INSERT INTO "applications" VALUES(157,'expense',30,'approved','出光営業活動費',NULL,6320,'entertainment','2026-01-24','credit_card','unpaid',NULL,'伊勢丹',NULL,'佐藤さん日本酒懇親会',NULL,NULL,NULL,NULL,NULL,NULL,NULL,NULL,NULL,NULL,NULL,NULL,NULL,NULL,NULL,'receipts/1769926782509-prtf0pzi4hb.jpg',8,'2026-02-02T06:30:33.206Z','2026-02-01 06:23:41','2026-02-02 06:30:33','EXP-20260201-0001',27);
INSERT INTO "applications" VALUES(158,'expense',30,'approved','chatGPT',NULL,3515,'equipment','2026-01-31','credit_card','unpaid',NULL,'Open AI',NULL,NULL,NULL,NULL,NULL,NULL,NULL,NULL,NULL,NULL,NULL,NULL,NULL,NULL,NULL,NULL,NULL,'receipts/1769926981741-ttgdcjmqkih.png',8,'2026-02-02T06:30:53.804Z','2026-02-01 06:23:43','2026-02-02 06:30:53','EXP-20260201-0002',27);
INSERT INTO "applications" VALUES(159,'expense',30,'approved','WIFI',NULL,7319,'communication','2026-01-31','transfer','unpaid',NULL,'docomo',NULL,NULL,NULL,NULL,NULL,NULL,NULL,NULL,NULL,NULL,NULL,NULL,NULL,NULL,NULL,NULL,NULL,'receipts/1769927018695-kynjiev3uml.pdf',8,'2026-02-02T06:31:00.017Z','2026-02-01 06:23:45','2026-02-02 06:31:00','EXP-20260201-0003',27);
INSERT INTO "applications" VALUES(160,'overtime',19,'approved','テスト02/02',NULL,NULL,NULL,NULL,NULL,NULL,NULL,NULL,NULL,NULL,NULL,NULL,NULL,NULL,'2026-02-02',1,1,NULL,NULL,'テスト',NULL,NULL,NULL,NULL,NULL,NULL,18,'2026-02-02T06:40:12.304Z','2026-02-02 05:17:16','2026-02-02 06:40:12','OT-20260202-0001',17);
INSERT INTO "applications" VALUES(161,'expense',26,'approved','福利厚生',NULL,5000,'welfare','2026-02-01','credit_card','unpaid',NULL,'不動前歯科ステーション',NULL,replace('福利厚生\nデンタルヘルスケア','\n',char(10)),NULL,NULL,NULL,NULL,NULL,NULL,NULL,NULL,NULL,NULL,NULL,NULL,NULL,NULL,NULL,'receipts/1770012631069-pbg755aafk.jpeg',8,'2026-02-03T08:09:46.502Z','2026-02-02 06:10:34','2026-02-03 08:09:46','EXP-20260202-0001',NULL);
INSERT INTO "applications" VALUES(162,'paid_leave',19,'approved','テスト',NULL,NULL,NULL,NULL,NULL,NULL,NULL,NULL,NULL,NULL,'2026-02-02','2026-02-02','full_day',NULL,NULL,NULL,NULL,NULL,NULL,NULL,NULL,NULL,NULL,NULL,NULL,NULL,18,'2026-02-02T06:40:10.899Z','2026-02-02 06:38:58','2026-02-02 06:40:11','LEAVE-20260202-0001',17);
INSERT INTO "applications" VALUES(163,'overtime',19,'approved','テスト02/02-2',NULL,NULL,NULL,NULL,NULL,NULL,NULL,NULL,NULL,NULL,NULL,NULL,NULL,NULL,'2026-02-02',2,1,1,NULL,'テスト2',NULL,NULL,NULL,NULL,NULL,NULL,18,'2026-02-02T06:40:07.496Z','2026-02-02 06:39:23','2026-02-02 06:40:07','OT-20260202-0002',17);
INSERT INTO "applications" VALUES(164,'paid_leave',19,'approved','テスト',NULL,NULL,NULL,NULL,NULL,NULL,NULL,NULL,NULL,NULL,'2026-02-02','2026-02-02','full_day',NULL,NULL,NULL,NULL,NULL,NULL,NULL,NULL,NULL,NULL,NULL,NULL,NULL,18,'2026-02-02T07:01:15.635Z','2026-02-02 06:53:15','2026-02-02 07:01:15','LEAVE-20260202-0002',17);
INSERT INTO "applications" VALUES(165,'expense',19,'approved','テスト',NULL,111,'misc','2026-02-02','cash','unpaid',NULL,'test','test1111111','テスト',NULL,NULL,NULL,NULL,NULL,NULL,NULL,NULL,NULL,NULL,NULL,NULL,NULL,NULL,NULL,NULL,18,'2026-02-02T07:01:06.640Z','2026-02-02 06:53:52','2026-02-02 07:01:06','EXP-20260202-0002',17);
INSERT INTO "applications" VALUES(166,'overtime',19,'approved','テスト',NULL,NULL,NULL,NULL,NULL,NULL,NULL,NULL,NULL,NULL,NULL,NULL,NULL,NULL,'2026-02-02',1,1,NULL,NULL,'テスト',NULL,NULL,NULL,NULL,NULL,NULL,18,'2026-02-02T07:01:05.214Z','2026-02-02 06:55:57','2026-02-02 07:01:05','OT-20260202-0003',17);
INSERT INTO "applications" VALUES(167,'paid_leave',33,'approved','体調不良のため',NULL,NULL,NULL,NULL,NULL,NULL,NULL,NULL,NULL,NULL,'2026-02-03','2026-02-03','half_day',NULL,NULL,NULL,NULL,NULL,NULL,NULL,NULL,NULL,NULL,NULL,NULL,NULL,8,'2026-02-03T08:15:22.456Z','2026-02-03 01:43:16','2026-02-03 08:15:22','LEAVE-20260203-0001',NULL);
INSERT INTO "applications" VALUES(168,'expense',27,'approved','両角さん飲み会のタクシー',NULL,3000,'travel_transportation','2026-02-03','credit_card','unpaid',NULL,'GO株式会社','T2011501015896',NULL,NULL,NULL,NULL,NULL,NULL,NULL,NULL,NULL,NULL,NULL,NULL,NULL,NULL,NULL,NULL,'receipts/1770089773109-nf30f582u2h.pdf',8,'2026-02-03T08:15:20.338Z','2026-02-03 03:36:15','2026-02-03 08:15:20','EXP-20260203-0001',NULL);
INSERT INTO "applications" VALUES(169,'expense',27,'approved','ChatGPT',NULL,3000,'communication','2025-12-02','credit_card','unpaid',NULL,'iTunes株式会社',NULL,NULL,NULL,NULL,NULL,NULL,NULL,NULL,NULL,NULL,NULL,NULL,NULL,NULL,NULL,NULL,NULL,'receipts/1770090425697-4glskucm8ny.png',8,'2026-02-03T08:15:19.302Z','2026-02-03 03:47:07','2026-02-03 08:15:19','EXP-20260203-0002',NULL);
INSERT INTO "applications" VALUES(170,'expense',27,'approved','ChatGPT',NULL,3000,'communication','2026-01-02','credit_card','unpaid',NULL,'iTunes株式会社',NULL,NULL,NULL,NULL,NULL,NULL,NULL,NULL,NULL,NULL,NULL,NULL,NULL,NULL,NULL,NULL,NULL,'receipts/1770090473998-dejbya445g7.png',8,'2026-02-03T08:15:18.194Z','2026-02-03 03:47:56','2026-02-03 08:15:18','EXP-20260203-0003',NULL);
INSERT INTO "applications" VALUES(171,'overtime',23,'approved','プロジェクト対応',NULL,NULL,NULL,NULL,NULL,NULL,NULL,NULL,NULL,NULL,NULL,NULL,NULL,NULL,'2026-01-30',1,1,NULL,NULL,'会議出席、資料作成のため',NULL,NULL,NULL,NULL,NULL,NULL,8,'2026-02-03T08:43:06.275Z','2026-02-03 08:19:52','2026-02-03 08:43:06','OT-20260203-0001',NULL);
INSERT INTO "applications" VALUES(172,'overtime',23,'approved','プロジェクト対応',NULL,NULL,NULL,NULL,NULL,NULL,NULL,NULL,NULL,NULL,NULL,NULL,NULL,NULL,'2026-02-02',1,1,NULL,NULL,'会議出席、資料作成のため',NULL,NULL,NULL,NULL,NULL,NULL,8,'2026-02-03T08:43:20.563Z','2026-02-03 08:20:36','2026-02-03 08:43:20','OT-20260203-0002',NULL);
INSERT INTO "applications" VALUES(173,'overtime',25,'withdrawn','ウェブメディアの作業（緊急）',NULL,NULL,NULL,NULL,NULL,NULL,NULL,NULL,NULL,NULL,NULL,NULL,NULL,NULL,'2026-02-04',7,4,3,NULL,'NewsmagとTagDivComposerの脆弱性を突かれてサイトが乗っ取られたためその対処',NULL,NULL,NULL,NULL,NULL,NULL,8,NULL,'2026-02-04 15:19:15','2026-02-04 16:09:26','OT-20260204-0001',NULL);
INSERT INTO "applications" VALUES(174,'overtime',25,'pending','ウェブメディアの作業（緊急）',NULL,NULL,NULL,NULL,NULL,NULL,NULL,NULL,NULL,NULL,NULL,NULL,NULL,NULL,'2026-02-04',8,4,4,NULL,'サイトがハッキングされたため、その対処',NULL,NULL,NULL,NULL,NULL,NULL,8,NULL,'2026-02-04 16:10:11','2026-02-04 16:10:11','OT-20260204-0002',NULL);
INSERT INTO "applications" VALUES(175,'overtime',25,'pending','ウェブメディアの作業（緊急）',NULL,NULL,NULL,NULL,NULL,NULL,NULL,NULL,NULL,NULL,NULL,NULL,NULL,NULL,'2026-02-04',2,NULL,2,NULL,'ハッキング対策とセキュリティ強化（追加）',NULL,NULL,NULL,NULL,NULL,NULL,8,NULL,'2026-02-04 19:14:30','2026-02-04 19:14:30','OT-20260204-0003',NULL);
CREATE TABLE IF NOT EXISTS "approval_history" (
  id INTEGER PRIMARY KEY AUTOINCREMENT,
  application_id INTEGER NOT NULL,
  approver_id INTEGER NOT NULL,
  action TEXT NOT NULL CHECK(action IN ('submitted', 'approved', 'rejected', 'sent_back', 'auto_approved', 'withdrawn')),
  comment TEXT,
  approval_level INTEGER DEFAULT 1,
  created_at DATETIME DEFAULT CURRENT_TIMESTAMP,
  FOREIGN KEY (application_id) REFERENCES applications(id),
  FOREIGN KEY (approver_id) REFERENCES employees(id)
);
INSERT INTO "approval_history" VALUES(217,111,18,'submitted','申請',1,'2026-01-14 08:33:10');
INSERT INTO "approval_history" VALUES(218,112,19,'submitted','申請',1,'2026-01-14 08:34:09');
INSERT INTO "approval_history" VALUES(219,113,25,'submitted','申請',1,'2026-01-14 08:38:54');
INSERT INTO "approval_history" VALUES(220,114,25,'submitted','申請',1,'2026-01-14 08:38:56');
INSERT INTO "approval_history" VALUES(221,115,25,'submitted','申請',1,'2026-01-14 08:38:57');
INSERT INTO "approval_history" VALUES(222,116,25,'submitted','申請',1,'2026-01-14 08:38:59');
INSERT INTO "approval_history" VALUES(223,117,26,'submitted','申請',1,'2026-01-14 08:45:41');
INSERT INTO "approval_history" VALUES(224,118,26,'submitted','申請',1,'2026-01-14 08:46:01');
INSERT INTO "approval_history" VALUES(225,119,28,'submitted','申請',1,'2026-01-14 09:06:15');
INSERT INTO "approval_history" VALUES(226,120,28,'submitted','申請',1,'2026-01-14 09:06:17');
INSERT INTO "approval_history" VALUES(227,121,27,'submitted','申請',1,'2026-01-14 09:07:06');
INSERT INTO "approval_history" VALUES(228,112,19,'withdrawn','テストのため',1,'2026-01-16 06:26:34');
INSERT INTO "approval_history" VALUES(229,112,19,'submitted','再申請 - テスト用',1,'2026-01-19 00:34:58');
INSERT INTO "approval_history" VALUES(230,112,18,'sent_back','テスト',1,'2026-01-19 00:45:40');
INSERT INTO "approval_history" VALUES(231,112,19,'submitted','再申請 - てすと',1,'2026-01-19 00:46:28');
INSERT INTO "approval_history" VALUES(232,112,18,'sent_back','テスト',1,'2026-01-19 00:49:47');
INSERT INTO "approval_history" VALUES(233,112,19,'submitted','再申請',1,'2026-01-19 00:50:27');
INSERT INTO "approval_history" VALUES(234,112,18,'sent_back','テスト',1,'2026-01-19 01:06:55');
INSERT INTO "approval_history" VALUES(235,112,19,'submitted','再申請',1,'2026-01-19 06:00:46');
INSERT INTO "approval_history" VALUES(236,111,18,'withdrawn','申請者により取り下げ',1,'2026-01-19 06:02:48');
INSERT INTO "approval_history" VALUES(237,122,29,'submitted','申請',1,'2026-01-20 01:56:29');
INSERT INTO "approval_history" VALUES(238,112,18,'sent_back','テストのため',1,'2026-01-20 06:00:19');
INSERT INTO "approval_history" VALUES(239,112,19,'submitted','再申請 - ○○××のため',1,'2026-01-20 06:01:14');
INSERT INTO "approval_history" VALUES(240,123,29,'submitted','申請',1,'2026-01-20 12:31:29');
INSERT INTO "approval_history" VALUES(241,124,24,'submitted','申請',1,'2026-01-21 02:14:09');
INSERT INTO "approval_history" VALUES(242,125,23,'submitted','申請',1,'2026-01-21 06:54:32');
INSERT INTO "approval_history" VALUES(243,126,21,'submitted','申請',1,'2026-01-21 09:08:40');
INSERT INTO "approval_history" VALUES(244,112,17,'sent_back','テスト',1,'2026-01-22 05:58:41');
INSERT INTO "approval_history" VALUES(245,127,23,'submitted','申請',1,'2026-01-22 09:55:28');
INSERT INTO "approval_history" VALUES(246,128,23,'submitted','申請',1,'2026-01-22 09:55:31');
INSERT INTO "approval_history" VALUES(247,129,23,'submitted','申請',1,'2026-01-22 09:55:32');
INSERT INTO "approval_history" VALUES(248,130,23,'submitted','申請',1,'2026-01-22 09:55:34');
INSERT INTO "approval_history" VALUES(249,131,23,'submitted','申請',1,'2026-01-22 09:55:36');
INSERT INTO "approval_history" VALUES(250,132,23,'submitted','申請',1,'2026-01-22 09:55:38');
INSERT INTO "approval_history" VALUES(251,133,23,'submitted','申請',1,'2026-01-22 09:55:40');
INSERT INTO "approval_history" VALUES(252,134,23,'submitted','申請',1,'2026-01-22 09:55:42');
INSERT INTO "approval_history" VALUES(253,135,23,'submitted','申請',1,'2026-01-22 09:55:43');
INSERT INTO "approval_history" VALUES(254,122,8,'approved','承認しました',1,'2026-01-23 01:38:18');
INSERT INTO "approval_history" VALUES(255,118,8,'approved','承認しました',1,'2026-01-23 01:39:16');
INSERT INTO "approval_history" VALUES(256,117,8,'approved','承認しました',1,'2026-01-23 01:44:15');
INSERT INTO "approval_history" VALUES(257,136,21,'submitted','申請',1,'2026-01-26 02:05:50');
INSERT INTO "approval_history" VALUES(258,137,23,'submitted','申請',1,'2026-01-26 13:36:34');
INSERT INTO "approval_history" VALUES(259,138,23,'submitted','申請',1,'2026-01-26 13:37:04');
INSERT INTO "approval_history" VALUES(260,139,23,'submitted','申請',1,'2026-01-29 02:29:22');
INSERT INTO "approval_history" VALUES(261,140,23,'submitted','申請',1,'2026-01-30 00:29:00');
INSERT INTO "approval_history" VALUES(262,141,25,'submitted','申請',1,'2026-01-31 01:11:27');
INSERT INTO "approval_history" VALUES(263,142,30,'submitted','申請',1,'2026-01-31 07:25:43');
INSERT INTO "approval_history" VALUES(264,143,30,'submitted','申請',1,'2026-01-31 07:25:46');
INSERT INTO "approval_history" VALUES(265,144,30,'submitted','申請',1,'2026-01-31 07:26:02');
INSERT INTO "approval_history" VALUES(266,145,30,'submitted','申請',1,'2026-01-31 07:26:04');
INSERT INTO "approval_history" VALUES(267,146,30,'submitted','申請',1,'2026-01-31 07:26:06');
INSERT INTO "approval_history" VALUES(268,147,30,'submitted','申請',1,'2026-01-31 07:26:07');
INSERT INTO "approval_history" VALUES(269,148,30,'submitted','申請',1,'2026-01-31 07:35:05');
INSERT INTO "approval_history" VALUES(270,149,30,'submitted','申請',1,'2026-01-31 07:35:08');
INSERT INTO "approval_history" VALUES(271,150,30,'submitted','申請',1,'2026-01-31 07:35:10');
INSERT INTO "approval_history" VALUES(272,151,30,'submitted','申請',1,'2026-01-31 07:35:12');
INSERT INTO "approval_history" VALUES(273,152,30,'submitted','申請',1,'2026-01-31 07:35:13');
INSERT INTO "approval_history" VALUES(274,153,30,'submitted','申請',1,'2026-01-31 07:35:15');
INSERT INTO "approval_history" VALUES(275,154,30,'submitted','申請',1,'2026-01-31 07:35:17');
INSERT INTO "approval_history" VALUES(276,155,30,'submitted','申請',1,'2026-01-31 07:35:19');
INSERT INTO "approval_history" VALUES(277,156,30,'submitted','申請',1,'2026-01-31 07:35:20');
INSERT INTO "approval_history" VALUES(278,156,30,'withdrawn','申請内容に誤りがあったため',1,'2026-01-31 07:36:31');
INSERT INTO "approval_history" VALUES(279,156,30,'withdrawn','申請内容に誤りがあったため',1,'2026-01-31 07:36:31');
INSERT INTO "approval_history" VALUES(280,157,30,'submitted','申請',1,'2026-02-01 06:23:41');
INSERT INTO "approval_history" VALUES(281,158,30,'submitted','申請',1,'2026-02-01 06:23:44');
INSERT INTO "approval_history" VALUES(282,159,30,'submitted','申請',1,'2026-02-01 06:23:45');
INSERT INTO "approval_history" VALUES(283,113,8,'approved','承認しました',1,'2026-02-02 05:05:27');
INSERT INTO "approval_history" VALUES(284,114,8,'approved','承認しました',1,'2026-02-02 05:05:35');
INSERT INTO "approval_history" VALUES(285,115,8,'approved','承認しました',1,'2026-02-02 05:05:52');
INSERT INTO "approval_history" VALUES(286,116,8,'approved','承認しました',1,'2026-02-02 05:06:05');
INSERT INTO "approval_history" VALUES(287,119,8,'approved','承認しました',1,'2026-02-02 05:06:43');
INSERT INTO "approval_history" VALUES(288,120,8,'approved','承認しました',1,'2026-02-02 05:06:52');
INSERT INTO "approval_history" VALUES(289,121,8,'approved','承認しました',1,'2026-02-02 05:07:15');
INSERT INTO "approval_history" VALUES(290,123,8,'approved','承認しました',1,'2026-02-02 05:07:27');
INSERT INTO "approval_history" VALUES(291,124,8,'approved','承認しました',1,'2026-02-02 05:07:35');
INSERT INTO "approval_history" VALUES(292,125,8,'approved','承認しました',1,'2026-02-02 05:13:31');
INSERT INTO "approval_history" VALUES(293,160,19,'submitted','申請',1,'2026-02-02 05:17:17');
INSERT INTO "approval_history" VALUES(294,160,19,'withdrawn','テストのため',1,'2026-02-02 05:39:18');
INSERT INTO "approval_history" VALUES(295,160,19,'submitted','再申請',1,'2026-02-02 05:39:54');
INSERT INTO "approval_history" VALUES(296,160,19,'withdrawn','テスト',1,'2026-02-02 05:40:37');
INSERT INTO "approval_history" VALUES(297,160,19,'submitted','再申請',1,'2026-02-02 05:40:57');
INSERT INTO "approval_history" VALUES(298,160,19,'withdrawn','申請者により取り下げ',1,'2026-02-02 05:43:37');
INSERT INTO "approval_history" VALUES(299,160,19,'submitted','再申請',1,'2026-02-02 05:50:03');
INSERT INTO "approval_history" VALUES(300,160,19,'withdrawn','申請者により取り下げ',1,'2026-02-02 05:50:20');
INSERT INTO "approval_history" VALUES(301,161,26,'submitted','申請',1,'2026-02-02 06:10:34');
INSERT INTO "approval_history" VALUES(302,126,8,'approved','承認しました',1,'2026-02-02 05:13:39');
INSERT INTO "approval_history" VALUES(303,143,27,'approved','承認しました',1,'2026-02-02 06:27:23');
INSERT INTO "approval_history" VALUES(304,144,27,'approved','承認しました',1,'2026-02-02 06:28:21');
INSERT INTO "approval_history" VALUES(305,145,27,'approved','承認しました',1,'2026-02-02 06:28:28');
INSERT INTO "approval_history" VALUES(306,146,27,'approved','承認しました',1,'2026-02-02 06:28:34');
INSERT INTO "approval_history" VALUES(307,147,27,'approved','承認しました',1,'2026-02-02 06:28:40');
INSERT INTO "approval_history" VALUES(308,148,27,'approved','承認しました',1,'2026-02-02 06:29:38');
INSERT INTO "approval_history" VALUES(309,149,27,'approved','承認しました',1,'2026-02-02 06:29:44');
INSERT INTO "approval_history" VALUES(310,150,27,'approved','承認しました',1,'2026-02-02 06:29:50');
INSERT INTO "approval_history" VALUES(311,151,27,'approved','承認しました',1,'2026-02-02 06:29:55');
INSERT INTO "approval_history" VALUES(312,152,27,'approved','承認しました',1,'2026-02-02 06:30:01');
INSERT INTO "approval_history" VALUES(313,153,27,'approved','承認しました',1,'2026-02-02 06:30:08');
INSERT INTO "approval_history" VALUES(314,154,27,'approved','承認しました',1,'2026-02-02 06:30:22');
INSERT INTO "approval_history" VALUES(315,155,27,'approved','承認しました',1,'2026-02-02 06:30:27');
INSERT INTO "approval_history" VALUES(316,157,27,'approved','承認しました',1,'2026-02-02 06:30:47');
INSERT INTO "approval_history" VALUES(317,158,27,'approved','承認しました',1,'2026-02-02 06:30:54');
INSERT INTO "approval_history" VALUES(318,159,27,'approved','承認しました',1,'2026-02-02 06:31:00');
INSERT INTO "approval_history" VALUES(319,160,19,'submitted','再申請 - テスト',1,'2026-02-02 06:38:39');
INSERT INTO "approval_history" VALUES(320,162,19,'submitted','申請',1,'2026-02-02 06:38:58');
INSERT INTO "approval_history" VALUES(321,163,19,'submitted','申請',1,'2026-02-02 06:39:23');
INSERT INTO "approval_history" VALUES(322,163,18,'approved','承認しました',1,'2026-02-02 06:40:07');
INSERT INTO "approval_history" VALUES(323,162,18,'approved','承認しました',1,'2026-02-02 06:40:11');
INSERT INTO "approval_history" VALUES(324,160,18,'approved','承認しました',1,'2026-02-02 06:40:12');
INSERT INTO "approval_history" VALUES(325,164,19,'submitted','申請',1,'2026-02-02 06:53:15');
INSERT INTO "approval_history" VALUES(326,165,19,'submitted','申請',1,'2026-02-02 06:53:52');
INSERT INTO "approval_history" VALUES(327,166,19,'submitted','申請',1,'2026-02-02 06:55:58');
INSERT INTO "approval_history" VALUES(328,166,18,'approved','承認しました',1,'2026-02-02 07:01:05');
INSERT INTO "approval_history" VALUES(329,165,18,'approved','承認しました',1,'2026-02-02 07:01:06');
INSERT INTO "approval_history" VALUES(330,164,18,'approved','承認しました',1,'2026-02-02 07:01:15');
INSERT INTO "approval_history" VALUES(331,167,33,'submitted','申請',1,'2026-02-03 01:43:16');
INSERT INTO "approval_history" VALUES(332,168,27,'submitted','申請',1,'2026-02-03 03:36:15');
INSERT INTO "approval_history" VALUES(333,169,27,'submitted','申請',1,'2026-02-03 03:47:08');
INSERT INTO "approval_history" VALUES(334,170,27,'submitted','申請',1,'2026-02-03 03:47:56');
INSERT INTO "approval_history" VALUES(335,127,8,'approved','承認しました',1,'2026-02-03 04:53:13');
INSERT INTO "approval_history" VALUES(336,128,8,'approved','承認しました',1,'2026-02-03 04:53:25');
INSERT INTO "approval_history" VALUES(337,141,8,'approved','承認しました',1,'2026-02-03 08:09:22');
INSERT INTO "approval_history" VALUES(338,161,8,'approved','承認しました',1,'2026-02-03 08:09:46');
INSERT INTO "approval_history" VALUES(339,129,8,'approved','承認しました',1,'2026-02-03 08:14:07');
INSERT INTO "approval_history" VALUES(340,170,8,'approved','承認しました',1,'2026-02-03 08:15:18');
INSERT INTO "approval_history" VALUES(341,169,8,'approved','承認しました',1,'2026-02-03 08:15:19');
INSERT INTO "approval_history" VALUES(342,168,8,'approved','承認しました',1,'2026-02-03 08:15:20');
INSERT INTO "approval_history" VALUES(343,167,8,'approved','承認しました',1,'2026-02-03 08:15:22');
INSERT INTO "approval_history" VALUES(344,140,8,'approved','承認しました',1,'2026-02-03 08:15:23');
INSERT INTO "approval_history" VALUES(345,139,8,'approved','承認しました',1,'2026-02-03 08:15:24');
INSERT INTO "approval_history" VALUES(346,138,8,'approved','承認しました',1,'2026-02-03 08:15:25');
INSERT INTO "approval_history" VALUES(347,137,8,'approved','承認しました',1,'2026-02-03 08:15:26');
INSERT INTO "approval_history" VALUES(348,136,8,'approved','承認しました',1,'2026-02-03 08:15:29');
INSERT INTO "approval_history" VALUES(349,135,8,'approved','承認しました',1,'2026-02-03 08:15:30');
INSERT INTO "approval_history" VALUES(350,134,8,'approved','承認しました',1,'2026-02-03 08:15:31');
INSERT INTO "approval_history" VALUES(351,133,8,'approved','承認しました',1,'2026-02-03 08:15:32');
INSERT INTO "approval_history" VALUES(352,132,8,'approved','承認しました',1,'2026-02-03 08:15:33');
INSERT INTO "approval_history" VALUES(353,131,8,'approved','承認しました',1,'2026-02-03 08:15:34');
INSERT INTO "approval_history" VALUES(354,130,8,'approved','承認しました',1,'2026-02-03 08:15:35');
INSERT INTO "approval_history" VALUES(355,171,23,'submitted','申請',1,'2026-02-03 08:19:52');
INSERT INTO "approval_history" VALUES(356,172,23,'submitted','申請',1,'2026-02-03 08:20:36');
INSERT INTO "approval_history" VALUES(357,171,8,'approved','承認しました',1,'2026-02-03 08:43:06');
INSERT INTO "approval_history" VALUES(358,172,8,'approved','承認しました',1,'2026-02-03 08:43:20');
INSERT INTO "approval_history" VALUES(359,173,25,'submitted','申請',1,'2026-02-04 15:19:15');
INSERT INTO "approval_history" VALUES(360,173,25,'withdrawn','作業がまだ終わっていないため',1,'2026-02-04 16:09:26');
INSERT INTO "approval_history" VALUES(361,174,25,'submitted','申請',1,'2026-02-04 16:10:12');
INSERT INTO "approval_history" VALUES(362,175,25,'submitted','申請',1,'2026-02-04 19:14:30');
DELETE FROM sqlite_sequence;
INSERT INTO "sqlite_sequence" VALUES('d1_migrations',19);
INSERT INTO "sqlite_sequence" VALUES('paid_leave_grants',77);
INSERT INTO "sqlite_sequence" VALUES('paid_leave_usages',42);
INSERT INTO "sqlite_sequence" VALUES('employee_invitations',26);
INSERT INTO "sqlite_sequence" VALUES('feature_requests',5);
INSERT INTO "sqlite_sequence" VALUES('applications',175);
INSERT INTO "sqlite_sequence" VALUES('approval_history',362);
INSERT INTO "sqlite_sequence" VALUES('paid_leave_import_logs',2);
CREATE INDEX idx_sessions_employee ON sessions(employee_id);
CREATE INDEX idx_sessions_expires ON sessions(expires_at);
CREATE INDEX idx_attendance_employee_date ON attendance_records(employee_id, date);
CREATE INDEX idx_attendance_date ON attendance_records(date);
CREATE INDEX idx_attendance_status ON attendance_records(status);
CREATE INDEX idx_company_holidays_date ON company_holidays(date);
CREATE INDEX idx_company_holidays_type ON company_holidays(type);
CREATE INDEX idx_attendance_summary_employee ON attendance_summary(employee_id);
CREATE INDEX idx_attendance_summary_year_month ON attendance_summary(year, month);
CREATE INDEX idx_paid_leave_grants_employee ON paid_leave_grants(employee_id);
CREATE INDEX idx_paid_leave_grants_grant_date ON paid_leave_grants(grant_date);
CREATE INDEX idx_paid_leave_grants_expiration ON paid_leave_grants(expiration_date);
CREATE INDEX idx_import_logs_date ON paid_leave_import_logs(import_date);
CREATE INDEX idx_import_logs_imported_by ON paid_leave_import_logs(imported_by);
CREATE INDEX idx_paid_leave_usages_employee ON paid_leave_usages(employee_id);
CREATE INDEX idx_paid_leave_usages_date ON paid_leave_usages(usage_date);
CREATE INDEX idx_invitations_token ON employee_invitations(token);
CREATE INDEX idx_invitations_email ON employee_invitations(email);
CREATE INDEX idx_invitations_expires ON employee_invitations(expires_at);
CREATE INDEX idx_employees_email ON employees(email);
CREATE INDEX idx_employees_department ON employees(department);
CREATE INDEX idx_employees_manager ON employees(manager_id);
CREATE INDEX idx_employees_approver ON employees(approver_id);
CREATE INDEX idx_employees_hire_date ON employees(hire_date);
CREATE INDEX idx_employees_role ON employees(role);
CREATE INDEX idx_feature_requests_employee ON feature_requests(employee_id);
CREATE INDEX idx_feature_requests_status ON feature_requests(status);
CREATE INDEX idx_feature_requests_created ON feature_requests(created_at);
CREATE INDEX idx_applications_applicant ON applications(applicant_id);
CREATE INDEX idx_applications_status ON applications(status);
CREATE INDEX idx_applications_type ON applications(application_type);
CREATE INDEX idx_applications_created ON applications(created_at);
CREATE INDEX idx_applications_approver ON applications(current_approver_id);
CREATE INDEX idx_employees_second_approver ON employees(second_approver_id);
CREATE UNIQUE INDEX idx_applications_number ON applications(application_number);
CREATE INDEX idx_approval_history_application ON approval_history(application_id);
CREATE INDEX idx_approval_history_approver ON approval_history(approver_id);
CREATE INDEX idx_applications_second_current_approver ON applications(second_current_approver_id);
